{
  "params": {
    "ttPolicy": "SPLIT_SINGLE_DATASET",
    "ssdSplitMode": "RANDOM",
    "splitBeforePrepare": true,
    "ssdDatasetSmartName": "WEBSITEVISITSLOGS.row_logs_train",
    "ssdSelection": {
      "useMemTable": false,
      "filter": {
        "distinct": false,
        "enabled": false
      },
      "partitionSelectionMethod": "ALL",
      "latestPartitionsN": 1,
      "ordering": {
        "enabled": false,
        "rules": []
      },
      "samplingMethod": "HEAD_SEQUENTIAL",
      "maxRecords": 100000,
      "targetRatio": 0.02,
      "ascending": true,
      "withinFirstN": -1,
      "maxReadUncompressedBytes": -1,
      "seed": 1337
    },
    "ssdTrainingRatio": 0.8,
    "ssdStratified": false,
    "ssdGrouped": false,
    "ssdSeed": 1337,
    "testOnLargerValues": true,
    "streamAll": false,
    "kfold": false,
    "nFolds": 5,
    "instanceIdRefresher": 0,
    "subSamplingSeed": 1337
  },
  "generationDate": 1706963503218,
  "format": "csv1",
  "schema": {
    "columns": [
      {"name":"server_ts","type":"string"},
      {"name":"referer","type":"string"},
      {"name":"user_agent","type":"string"},
      {"name":"br_width","type":"bigint"},
      {"name":"br_height","type":"bigint"},
      {"name":"sc_width","type":"bigint"},
      {"name":"sc_height","type":"bigint"},
      {"name":"br_lang","type":"string"},
      {"name":"tz_off","type":"bigint"},
      {"name":"customer","type":"double"}
    ],
    "userModified": false
  },
  "trainPath": "train.csv.gz",
  "testPath": "test.csv.gz",
  "trainRows": 9119,
  "testRows": 2297,
  "fullRows": 0
}