{
  "type": "UploadedFiles",
  "managed": false,
  "featureGroup": false,
  "formatType": "csv",
  "checklists": {
    "checklists": []
  },
  "checks": [],
  "customMeta": {
    "kv": {}
  },
  "flowOptions": {
    "virtualizable": false,
    "rebuildBehavior": "NORMAL",
    "crossProjectBuildBehavior": "DEFAULT"
  },
  "readWriteOptions": {
    "preserveOrder": false,
    "writeBuckets": 1,
    "forceSingleOutputFile": false,
    "defaultReadOrdering": {
      "enabled": false,
      "rules": []
    }
  },
  "formatParams": {
    "style": "excel",
    "charset": "utf-8",
    "separator": ",",
    "quoteChar": "\"",
    "escapeChar": "\\",
    "maxRowChars": 100000000,
    "dateSerializationFormat": "ISO",
    "arrayMapFormat": "json",
    "hiveSeparators": [
      "\u0002",
      "\u0003",
      "\u0004",
      "\u0005",
      "\u0006",
      "\u0007",
      "\b"
    ],
    "skipRowsBeforeHeader": 0,
    "parseHeaderRow": true,
    "skipRowsAfterHeader": 0,
    "probableNumberOfRecords": 18,
    "normalizeBooleans": false,
    "normalizeDoubles": true,
    "readAdditionalColumnsBehavior": "INSERT_IN_DATA_WARNING",
    "readMissingColumnsBehavior": "DISCARD_SILENT",
    "readDataTypeMismatchBehavior": "DISCARD_WARNING",
    "writeDataTypeMismatchBehavior": "DISCARD_WARNING",
    "fileReadFailureBehavior": "FAIL",
    "compress": ""
  },
  "partitioning": {
    "ignoreNonMatchingFile": false,
    "considerMissingRequestedPartitionsAsEmpty": false,
    "dimensions": []
  },
  "creationTag": {
    "versionNumber": 0,
    "lastModifiedBy": {
      "login": "amrabdelraheem9@gmail.com"
    },
    "lastModifiedOn": 1705784966890,
    "extendedProperties": {}
  },
  "tags": [],
  "params": {
    "uploadFSProviderType": "S3",
    "uploadedConfig": {
      "bucket": "gis-data-eu-west-3",
      "metastoreSynchronizationEnabled": true,
      "metastoreDatabaseName": "default",
      "metastoreTableName": "${projectKey}_raw_logs",
      "connection": "dataiku-managed-storage",
      "path": "/managed-dss-data/uploads/${projectKey}/raw_logs",
      "notReadyIfEmpty": false,
      "filesSelectionRules": {
        "mode": "ALL",
        "excludeRules": [],
        "includeRules": [],
        "explicitFiles": []
      }
    },
    "connection": "dataiku-managed-storage",
    "notReadyIfEmpty": false,
    "filesSelectionRules": {
      "mode": "ALL",
      "excludeRules": [],
      "includeRules": [],
      "explicitFiles": []
    }
  },
  "schema": {
    "columns": [
      {"name":"server_ts","type":"string"},
      {"name":"client_addr","type":"string"},
      {"name":"visitor_id","type":"string"},
      {"name":"session_id","type":"string"},
      {"name":"location","type":"string"},
      {"name":"referer","type":"string"},
      {"name":"user_agent","type":"string"},
      {"name":"type","type":"string"},
      {"name":"visitor_params","type":"string"},
      {"name":"session_params","type":"string"},
      {"name":"event_params","type":"string"},
      {"name":"br_width","type":"string"},
      {"name":"br_height","type":"string"},
      {"name":"sc_width","type":"string"},
      {"name":"sc_height","type":"string"},
      {"name":"br_lang","type":"string"},
      {"name":"tz_off","type":"string"},
      {"name":"customer","type":"string"}
    ],
    "userModified": true
  },
  "dkuProperties": [],
  "metrics": {
    "probes": [
      {
        "type": "basic",
        "enabled": true,
        "computeOnBuildMode": "PARTITION",
        "meta": {
          "name": "Basic data",
          "level": 0
        },
        "configuration": {}
      },
      {
        "type": "records",
        "enabled": true,
        "computeOnBuildMode": "NO",
        "meta": {
          "name": "Record count",
          "level": 0
        },
        "configuration": {}
      }
    ],
    "engineConfig": {
      "padRunsWithMetrics": false,
      "hive": {
        "active": true,
        "extraConf": []
      },
      "basic": {},
      "dss": {
        "active": true,
        "selection": {
          "useMemTable": false,
          "filter": {
            "distinct": false,
            "enabled": false
          },
          "partitionSelectionMethod": "ALL",
          "latestPartitionsN": 1,
          "ordering": {
            "enabled": false,
            "rules": []
          },
          "samplingMethod": "FULL",
          "maxRecords": -1,
          "targetRatio": 0.02,
          "ascending": true,
          "withinFirstN": -1,
          "maxReadUncompressedBytes": -1
        }
      },
      "sql": {
        "active": true
      },
      "impala": {
        "active": true
      },
      "spark": {
        "active": true,
        "extraConf": []
      },
      "python": {}
    },
    "displayedState": {
      "columns": [],
      "metrics": [
        "basic:COUNT_COLUMNS",
        "basic:COUNT_FILES",
        "basic:SIZE",
        "records:COUNT_RECORDS"
      ]
    }
  },
  "metricsChecks": {
    "runOnBuild": false,
    "checks": [],
    "displayedState": {
      "checks": []
    }
  },
  "customFields": {}
}