{
    "perClassFacts": {
        "unique": {
            "server_ts": {
                "impact": 1.2056142868207855,
                "rank": 1,
                "feature": "server_ts",
                "positiveCategoricalValue": "2014-03-28-15",
                "negativeCategoricalValue": "2014-03-28-14",
                "infoGain": 0.6534181947937018,
                "type": "CATEGORICAL"
            },
            "referer": {
                "impact": 0.37126934174561305,
                "rank": 2,
                "feature": "referer",
                "positiveCategoricalValue": "dataiku",
                "negativeCategoricalValue": "google",
                "infoGain": 0.6108643020548935,
                "type": "CATEGORICAL"
            },
            "br_lang": {
                "impact": 0.2909715973763326,
                "rank": 3,
                "feature": "br_lang",
                "positiveCategoricalValue": "en",
                "negativeCategoricalValue": "fr",
                "infoGain": 0.670215798873117,
                "type": "CATEGORICAL"
            },
            "user_agent": {
                "impact": 0.2790791145883967,
                "rank": 4,
                "feature": "user_agent",
                "positiveCategoricalValue": "macintosh",
                "negativeCategoricalValue": "windows",
                "infoGain": 0.6909233093138181,
                "type": "CATEGORICAL"
            },
            "tz_off": {
                "impact": 0.08096967947294015,
                "rank": 5,
                "feature": "tz_off",
                "correlation": -0.7702339844703447,
                "type": "NUMERICAL"
            }
        }
    }
}