{
    "startedAt": 1706963852962,
    "gridSize": 5,
    "nThreads": 4,
    "nSplits": 5,
    "metric": "ROC_AUC",
    "timeout": null,
    "gridPoints": [
        {
            "finishedAt": 1706963855301,
            "score": 0.7971277566414681,
            "testScoreGibMean": 0.7971277566414681,
            "testScoreMean": 0.7971277566414681,
            "testScoreStd": 0.006214542863398049,
            "trainScoreMean": 0.8063125292303291,
            "trainScoreStd": 0.0009939845528172265,
            "time": 6008,
            "fitTimeMean": 240.8,
            "fitTimeStd": 207.3040279396423,
            "scoreTimeMean": 960.8,
            "scoreTimeStd": 224.9661307841694,
            "parameters": {
                "C": 0.1,
                "penalty": "l2"
            }
        },
        {
            "finishedAt": 1706963856198,
            "score": 0.704127568821362,
            "testScoreGibMean": 0.704127568821362,
            "testScoreMean": 0.704127568821362,
            "testScoreStd": 0.00957144079908692,
            "trainScoreMean": 0.7085118615545877,
            "trainScoreStd": 0.002009362739882335,
            "time": 4817,
            "fitTimeMean": 279.8,
            "fitTimeStd": 66.11323619367003,
            "scoreTimeMean": 683.6,
            "scoreTimeStd": 174.81487350909248,
            "parameters": {
                "C": 0.01,
                "penalty": "l2"
            }
        },
        {
            "finishedAt": 1706963858087,
            "score": 0.8243321938808336,
            "testScoreGibMean": 0.8243321938808336,
            "testScoreMean": 0.8243321938808336,
            "testScoreStd": 0.0036238836163355976,
            "trainScoreMean": 0.8345415738389004,
            "trainScoreStd": 0.001324791283029735,
            "time": 6384,
            "fitTimeMean": 418.6,
            "fitTimeStd": 114.4842347225154,
            "scoreTimeMean": 858.2,
            "scoreTimeStd": 182.2365495722524,
            "parameters": {
                "C": 10.0,
                "penalty": "l2"
            }
        },
        {
            "finishedAt": 1706963859386,
            "score": 0.8222287608050659,
            "testScoreGibMean": 0.8222287608050659,
            "testScoreMean": 0.8222287608050659,
            "testScoreStd": 0.0036935280042878845,
            "trainScoreMean": 0.8326463621828252,
            "trainScoreStd": 0.001019387769182818,
            "time": 5708,
            "fitTimeMean": 359.4,
            "fitTimeStd": 159.57017265140752,
            "scoreTimeMean": 782.2,
            "scoreTimeStd": 188.8919267729566,
            "parameters": {
                "C": 1.0,
                "penalty": "l2"
            }
        },
        {
            "finishedAt": 1706963861181,
            "score": 0.8243750509750125,
            "testScoreGibMean": 0.8243750509750125,
            "testScoreMean": 0.8243750509750125,
            "testScoreStd": 0.0037394694502962855,
            "trainScoreMean": 0.8347370238961787,
            "trainScoreStd": 0.00136384964982006,
            "time": 6180,
            "fitTimeMean": 636.0,
            "fitTimeStd": 206.6252646701269,
            "scoreTimeMean": 600.0,
            "scoreTimeStd": 240.24737251424833,
            "parameters": {
                "C": 100.0,
                "penalty": "l2"
            }
        }
    ]
}