[
    {
        "test_score_gib": 0.7987741669987471,
        "train_score": 0.8048074143743398,
        "test_score": 0.7987741669987471,
        "num_samples": 1825,
        "fit_time": 21,
        "score_time": 831,
        "time": 852,
        "parameters": {
            "C": 0.1,
            "penalty": "l2"
        },
        "done_at": 1706963853885,
        "split_id": 0
    },
    {
        "test_score_gib": 0.7854772713658017,
        "train_score": 0.8057672338827744,
        "test_score": 0.7854772713658017,
        "num_samples": 1825,
        "fit_time": 52,
        "score_time": 704,
        "time": 756,
        "parameters": {
            "C": 0.1,
            "penalty": "l2"
        },
        "done_at": 1706963853790,
        "split_id": 1
    },
    {
        "test_score_gib": 0.7985156553908168,
        "train_score": 0.806616792621651,
        "test_score": 0.7985156553908168,
        "num_samples": 1823,
        "fit_time": 264,
        "score_time": 1281,
        "time": 1545,
        "parameters": {
            "C": 0.1,
            "penalty": "l2"
        },
        "done_at": 1706963854581,
        "split_id": 2
    },
    {
        "test_score_gib": 0.7986618576564299,
        "train_score": 0.8078013996567679,
        "test_score": 0.7986618576564299,
        "num_samples": 1823,
        "fit_time": 266,
        "score_time": 1175,
        "time": 1441,
        "parameters": {
            "C": 0.1,
            "penalty": "l2"
        },
        "done_at": 1706963854480,
        "split_id": 3
    },
    {
        "test_score_gib": 0.8042208071931514,
        "train_score": 0.8065720551061885,
        "test_score": 0.8042208071931514,
        "num_samples": 1823,
        "fit_time": 601,
        "score_time": 813,
        "time": 1414,
        "parameters": {
            "C": 0.1,
            "penalty": "l2"
        },
        "done_at": 1706963855301,
        "split_id": 4
    },
    {
        "test_score_gib": 0.7022416087804699,
        "train_score": 0.7050000468841029,
        "test_score": 0.7022416087804699,
        "num_samples": 1825,
        "fit_time": 296,
        "score_time": 705,
        "time": 1001,
        "parameters": {
            "C": 0.01,
            "penalty": "l2"
        },
        "done_at": 1706963854985,
        "split_id": 0
    },
    {
        "test_score_gib": 0.6876867139132632,
        "train_score": 0.7108560344121161,
        "test_score": 0.6876867139132632,
        "num_samples": 1825,
        "fit_time": 222,
        "score_time": 589,
        "time": 811,
        "parameters": {
            "C": 0.01,
            "penalty": "l2"
        },
        "done_at": 1706963855297,
        "split_id": 1
    },
    {
        "test_score_gib": 0.7063534022050435,
        "train_score": 0.7090923499663451,
        "test_score": 0.7063534022050435,
        "num_samples": 1823,
        "fit_time": 199,
        "score_time": 1010,
        "time": 1209,
        "parameters": {
            "C": 0.01,
            "penalty": "l2"
        },
        "done_at": 1706963855892,
        "split_id": 2
    },
    {
        "test_score_gib": 0.7072280050439781,
        "train_score": 0.7078471965305202,
        "test_score": 0.7072280050439781,
        "num_samples": 1823,
        "fit_time": 295,
        "score_time": 606,
        "time": 901,
        "parameters": {
            "C": 0.01,
            "penalty": "l2"
        },
        "done_at": 1706963856086,
        "split_id": 3
    },
    {
        "test_score_gib": 0.7171482203790294,
        "train_score": 0.7097649609911683,
        "test_score": 0.7171482203790294,
        "num_samples": 1823,
        "fit_time": 387,
        "score_time": 508,
        "time": 895,
        "parameters": {
            "C": 0.01,
            "penalty": "l2"
        },
        "done_at": 1706963856198,
        "split_id": 4
    },
    {
        "test_score_gib": 0.8293854816991063,
        "train_score": 0.832795266907121,
        "test_score": 0.8293854816991063,
        "num_samples": 1825,
        "fit_time": 287,
        "score_time": 701,
        "time": 988,
        "parameters": {
            "C": 10.0,
            "penalty": "l2"
        },
        "done_at": 1706963856595,
        "split_id": 0
    },
    {
        "test_score_gib": 0.8228278676782752,
        "train_score": 0.8346245215273456,
        "test_score": 0.8228278676782752,
        "num_samples": 1825,
        "fit_time": 485,
        "score_time": 818,
        "time": 1303,
        "parameters": {
            "C": 10.0,
            "penalty": "l2"
        },
        "done_at": 1706963857198,
        "split_id": 1
    },
    {
        "test_score_gib": 0.8223740376105328,
        "train_score": 0.8346800900943481,
        "test_score": 0.8223740376105328,
        "num_samples": 1823,
        "fit_time": 412,
        "score_time": 1191,
        "time": 1603,
        "parameters": {
            "C": 10.0,
            "penalty": "l2"
        },
        "done_at": 1706963857788,
        "split_id": 2
    },
    {
        "test_score_gib": 0.8194878482420482,
        "train_score": 0.8368107040821149,
        "test_score": 0.8194878482420482,
        "num_samples": 1823,
        "fit_time": 311,
        "score_time": 691,
        "time": 1002,
        "parameters": {
            "C": 10.0,
            "penalty": "l2"
        },
        "done_at": 1706963857384,
        "split_id": 3
    },
    {
        "test_score_gib": 0.827581840634309,
        "train_score": 0.8337991114428623,
        "test_score": 0.827581840634309,
        "num_samples": 1823,
        "fit_time": 598,
        "score_time": 890,
        "time": 1488,
        "parameters": {
            "C": 10.0,
            "penalty": "l2"
        },
        "done_at": 1706963858087,
        "split_id": 4
    },
    {
        "test_score_gib": 0.8279073977126813,
        "train_score": 0.8321056221377765,
        "test_score": 0.8279073977126813,
        "num_samples": 1825,
        "fit_time": 197,
        "score_time": 587,
        "time": 784,
        "parameters": {
            "C": 1.0,
            "penalty": "l2"
        },
        "done_at": 1706963857984,
        "split_id": 0
    },
    {
        "test_score_gib": 0.8195643624183798,
        "train_score": 0.8324604328748069,
        "test_score": 0.8195643624183798,
        "num_samples": 1825,
        "fit_time": 595,
        "score_time": 800,
        "time": 1395,
        "parameters": {
            "C": 1.0,
            "penalty": "l2"
        },
        "done_at": 1706963858789,
        "split_id": 1
    },
    {
        "test_score_gib": 0.8211965872213998,
        "train_score": 0.8335809651242952,
        "test_score": 0.8211965872213998,
        "num_samples": 1823,
        "fit_time": 202,
        "score_time": 1110,
        "time": 1312,
        "parameters": {
            "C": 1.0,
            "penalty": "l2"
        },
        "done_at": 1706963859103,
        "split_id": 2
    },
    {
        "test_score_gib": 0.8176433500160561,
        "train_score": 0.8339527183948603,
        "test_score": 0.8176433500160561,
        "num_samples": 1823,
        "fit_time": 309,
        "score_time": 810,
        "time": 1119,
        "parameters": {
            "C": 1.0,
            "penalty": "l2"
        },
        "done_at": 1706963859104,
        "split_id": 3
    },
    {
        "test_score_gib": 0.8248287997577219,
        "train_score": 0.8311328696060328,
        "test_score": 0.8248287997577219,
        "num_samples": 1823,
        "fit_time": 494,
        "score_time": 604,
        "time": 1098,
        "parameters": {
            "C": 1.0,
            "penalty": "l2"
        },
        "done_at": 1706963859386,
        "split_id": 4
    },
    {
        "test_score_gib": 0.8295404526192691,
        "train_score": 0.832851120142756,
        "test_score": 0.8295404526192691,
        "num_samples": 1825,
        "fit_time": 807,
        "score_time": 894,
        "time": 1701,
        "parameters": {
            "C": 100.0,
            "penalty": "l2"
        },
        "done_at": 1706963860585,
        "split_id": 0
    },
    {
        "test_score_gib": 0.8224410915161886,
        "train_score": 0.8347453602064857,
        "test_score": 0.8224410915161886,
        "num_samples": 1825,
        "fit_time": 294,
        "score_time": 894,
        "time": 1188,
        "parameters": {
            "C": 100.0,
            "penalty": "l2"
        },
        "done_at": 1706963860293,
        "split_id": 1
    },
    {
        "test_score_gib": 0.8224353903469954,
        "train_score": 0.8349032887370655,
        "test_score": 0.8224353903469954,
        "num_samples": 1823,
        "fit_time": 775,
        "score_time": 400,
        "time": 1175,
        "parameters": {
            "C": 100.0,
            "penalty": "l2"
        },
        "done_at": 1706963860289,
        "split_id": 2
    },
    {
        "test_score_gib": 0.8195505063558826,
        "train_score": 0.8370511784138637,
        "test_score": 0.8195505063558826,
        "num_samples": 1823,
        "fit_time": 806,
        "score_time": 421,
        "time": 1227,
        "parameters": {
            "C": 100.0,
            "penalty": "l2"
        },
        "done_at": 1706963860979,
        "split_id": 3
    },
    {
        "test_score_gib": 0.8279042688450804,
        "train_score": 0.834136231846266,
        "test_score": 0.8279042688450804,
        "num_samples": 1823,
        "fit_time": 498,
        "score_time": 391,
        "time": 889,
        "parameters": {
            "C": 100.0,
            "penalty": "l2"
        },
        "done_at": 1706963861181,
        "split_id": 4
    }
]