{
    "modelInputNRows": 9119,
    "modelInputNCols": 135,
    "modelInputIsSparse": false,
    "modelInputMemory": 9848520,
    "usedGridSearch": true,
    "gridSize": 5,
    "gridBestScore": 0.8243750509750125,
    "gridCells": [
        {
            "params": {
                "C": 0.1,
                "penalty": "l2"
            },
            "score": 0.7971277566414681,
            "scoreStd": 0.006214542863398049,
            "fitTime": 0.24080000000000001,
            "fitTimeStd": 0.2073040279396423,
            "scoreTime": 0.9608,
            "scoreTimeStd": 0.22496613078416938
        },
        {
            "params": {
                "C": 0.01,
                "penalty": "l2"
            },
            "score": 0.704127568821362,
            "scoreStd": 0.00957144079908692,
            "fitTime": 0.2798,
            "fitTimeStd": 0.06611323619367003,
            "scoreTime": 0.6836,
            "scoreTimeStd": 0.17481487350909247
        },
        {
            "params": {
                "C": 10.0,
                "penalty": "l2"
            },
            "score": 0.8243321938808336,
            "scoreStd": 0.0036238836163355976,
            "fitTime": 0.4186,
            "fitTimeStd": 0.1144842347225154,
            "scoreTime": 0.8582000000000001,
            "scoreTimeStd": 0.18223654957225238
        },
        {
            "params": {
                "C": 1.0,
                "penalty": "l2"
            },
            "score": 0.8222287608050659,
            "scoreStd": 0.0036935280042878845,
            "fitTime": 0.3594,
            "fitTimeStd": 0.15957017265140752,
            "scoreTime": 0.7822,
            "scoreTimeStd": 0.1888919267729566
        },
        {
            "params": {
                "C": 100.0,
                "penalty": "l2"
            },
            "score": 0.8243750509750125,
            "scoreStd": 0.0037394694502962855,
            "fitTime": 0.636,
            "fitTimeStd": 0.2066252646701269,
            "scoreTime": 0.6,
            "scoreTimeStd": 0.24024737251424833
        }
    ],
    "lmCoefficients": {
        "variables": [
            "tz_off",
            "dummy:server_ts:2014-03-28-14",
            "dummy:server_ts:2014-03-28-15",
            "dummy:server_ts:2014-03-31-08",
            "dummy:server_ts:2014-03-31-14",
            "dummy:server_ts:2014-03-31-09",
            "dummy:server_ts:2014-03-31-11",
            "dummy:server_ts:2014-03-17-16",
            "dummy:server_ts:2014-03-23-20",
            "dummy:server_ts:2014-03-26-09",
            "dummy:server_ts:2014-03-03-15",
            "dummy:server_ts:2014-03-26-16",
            "dummy:server_ts:2014-03-25-13",
            "dummy:server_ts:2014-03-31-07",
            "dummy:server_ts:2014-03-29-13",
            "dummy:server_ts:2014-03-24-16",
            "dummy:server_ts:2014-03-21-10",
            "dummy:server_ts:2014-03-28-19",
            "dummy:server_ts:2014-03-04-13",
            "dummy:server_ts:2014-03-21-17",
            "dummy:server_ts:2014-03-14-11",
            "dummy:server_ts:2014-03-31-06",
            "dummy:server_ts:2014-03-18-12",
            "dummy:server_ts:2014-03-28-20",
            "dummy:server_ts:2014-03-05-12",
            "dummy:server_ts:2014-03-04-09",
            "dummy:server_ts:2014-03-26-13",
            "dummy:server_ts:2014-03-28-13",
            "dummy:server_ts:2014-03-03-08",
            "dummy:server_ts:2014-03-31-20",
            "dummy:server_ts:2014-03-11-12",
            "dummy:server_ts:2014-03-12-17",
            "dummy:server_ts:2014-03-03-14",
            "dummy:server_ts:2014-03-18-09",
            "dummy:server_ts:2014-03-28-12",
            "dummy:server_ts:2014-03-07-17",
            "dummy:server_ts:2014-03-27-12",
            "dummy:server_ts:2014-03-22-08",
            "dummy:server_ts:2014-03-31-12",
            "dummy:server_ts:2014-03-05-04",
            "dummy:server_ts:2014-03-12-16",
            "dummy:server_ts:2014-03-31-13",
            "dummy:server_ts:2014-03-28-17",
            "dummy:server_ts:2014-03-04-17",
            "dummy:server_ts:2014-03-31-15",
            "dummy:server_ts:2014-03-13-17",
            "dummy:server_ts:2014-03-24-12",
            "dummy:server_ts:2014-03-07-08",
            "dummy:server_ts:2014-03-30-21",
            "dummy:server_ts:2014-03-07-07",
            "dummy:server_ts:2014-03-04-10",
            "dummy:server_ts:2014-03-21-21",
            "dummy:server_ts:2014-03-18-19",
            "dummy:server_ts:2014-03-28-16",
            "dummy:server_ts:2014-03-06-16",
            "dummy:server_ts:2014-03-10-20",
            "dummy:server_ts:2014-03-25-16",
            "dummy:server_ts:2014-03-07-09",
            "dummy:server_ts:2014-03-17-17",
            "dummy:server_ts:2014-03-12-21",
            "dummy:server_ts:2014-03-03-11",
            "dummy:server_ts:2014-03-06-09",
            "dummy:server_ts:2014-03-08-16",
            "dummy:server_ts:2014-03-28-09",
            "dummy:server_ts:2014-03-21-14",
            "dummy:server_ts:2014-03-29-12",
            "dummy:server_ts:2014-03-31-18",
            "dummy:server_ts:2014-03-16-18",
            "dummy:server_ts:2014-03-03-10",
            "dummy:server_ts:2014-03-26-14",
            "dummy:server_ts:2014-03-05-11",
            "dummy:server_ts:2014-03-12-12",
            "dummy:server_ts:2014-03-05-15",
            "dummy:server_ts:2014-03-26-15",
            "dummy:server_ts:2014-03-14-21",
            "dummy:server_ts:2014-03-20-20",
            "dummy:server_ts:2014-03-04-12",
            "dummy:server_ts:2014-03-25-10",
            "dummy:server_ts:2014-03-17-13",
            "dummy:server_ts:2014-03-12-14",
            "dummy:server_ts:2014-03-13-12",
            "dummy:server_ts:2014-03-28-18",
            "dummy:server_ts:2014-03-04-11",
            "dummy:server_ts:2014-03-25-12",
            "dummy:server_ts:2014-03-30-12",
            "dummy:server_ts:2014-03-31-17",
            "dummy:server_ts:2014-03-25-15",
            "dummy:server_ts:2014-03-21-08",
            "dummy:server_ts:2014-03-27-15",
            "dummy:server_ts:2014-03-27-09",
            "dummy:server_ts:2014-03-28-23",
            "dummy:server_ts:2014-03-06-18",
            "dummy:server_ts:2014-03-17-15",
            "dummy:server_ts:2014-03-17-11",
            "dummy:server_ts:2014-03-03-09",
            "dummy:server_ts:2014-03-29-01",
            "dummy:server_ts:2014-03-27-13",
            "dummy:server_ts:2014-03-24-20",
            "dummy:server_ts:2014-03-09-13",
            "dummy:server_ts:2014-03-14-07",
            "dummy:server_ts:2014-03-29-23",
            "dummy:server_ts:2014-03-13-08",
            "dummy:referer:dataiku",
            "dummy:referer:google",
            "dummy:referer:other",
            "dummy:referer:journaldunet",
            "dummy:referer:kdnuggets",
            "dummy:referer:strata",
            "dummy:referer:linkedin",
            "dummy:referer:kaggle",
            "dummy:referer:bananadata",
            "dummy:referer:datatau",
            "dummy:referer:bing",
            "dummy:referer:agoranov",
            "dummy:referer:datajob2013",
            "dummy:br_lang:fr",
            "dummy:br_lang:en",
            "dummy:br_lang:ru",
            "dummy:br_lang:de",
            "dummy:br_lang:pt",
            "dummy:br_lang:es",
            "dummy:br_lang:zh",
            "dummy:br_lang:ja",
            "dummy:br_lang:other",
            "dummy:br_lang:pl",
            "dummy:br_lang:ca",
            "dummy:br_lang:tr",
            "dummy:br_lang:nl",
            "dummy:user_agent:windows",
            "dummy:user_agent:macintosh",
            "dummy:user_agent:linux"
        ],
        "coefs": [
            -0.17926743486831326,
            0.5751377783609336,
            1.6687400436490343,
            2.4105455567295655,
            1.6046772701087526,
            1.1820665039848521,
            2.906172450057067,
            1.9948894519239533,
            1.6663728338805264,
            2.1469548395452556,
            1.535290079103453,
            1.8149971159131,
            3.0829369323704956,
            1.403460449955216,
            -1.5621176673171404,
            -0.12661629116360704,
            1.29732345283349,
            0.8082395653690935,
            2.850160838178744,
            1.8409088577166919,
            1.955534167501699,
            2.0003819013848343,
            4.145095457564556,
            1.4552451578721777,
            2.5258521376008614,
            3.933899613722947,
            2.069538908753695,
            0.9564846573812432,
            1.5686971705477206,
            1.467526771428454,
            2.202223445072808,
            1.9963839786930124,
            1.8552098864645954,
            2.1734520124277195,
            -5.45097953888133,
            4.125366274512526,
            1.071167155786126,
            5.486200168111301,
            0.3560986315187477,
            4.82472182693088,
            0.45149379766414277,
            -0.04744979134905883,
            0.47479802781835007,
            0.3453094030576502,
            -0.5602403102185541,
            1.847096278302969,
            1.7414725508939706,
            1.626462835788741,
            -1.7700380121970114,
            1.4580827205165607,
            2.2408775248086927,
            2.9952814652621247,
            0.3894790892140038,
            -0.5543898363036937,
            1.8071619611436778,
            -6.314358733356379,
            3.419882453331805,
            -5.331688397001901,
            0.5118988831533419,
            1.5942990305684357,
            1.361117091381952,
            1.7374673737762416,
            3.534862123120324,
            1.3538722525958844,
            1.2197827570174788,
            3.9910973056244012,
            2.0512426356171662,
            2.105722669660458,
            1.5438818850838107,
            -5.337417997961748,
            -1.2220536251373906,
            3.9345245173263934,
            -5.215723923934965,
            1.1017546310053656,
            -5.840270694846557,
            4.30850704127978,
            0.7599531600767188,
            -1.225148424434087,
            2.0582103393416133,
            -4.921615876640633,
            1.4926281098009033,
            1.3164113914521722,
            -0.9929324834769331,
            0.11623553387805652,
            1.4969658174936382,
            -1.6794135109313995,
            -5.086886017395206,
            4.097771705506626,
            1.8922837260286671,
            -5.247123490614752,
            4.311029015154804,
            1.3984572533754833,
            -2.0320255617728584,
            -5.374856839424403,
            1.0514885808927084,
            5.864109700028393,
            0.3944829095375954,
            2.3306960702528237,
            -2.643577429616057,
            6.5426910621800385,
            -0.050961962142851536,
            1.9847919014134832,
            -0.260519904841434,
            -1.3175556044807737,
            -0.9724165591280375,
            -0.664525772950858,
            -1.7369219387695145,
            -0.40483122293925594,
            -3.0088725829945537,
            -1.1160159056324201,
            -1.376968966013097,
            -3.789727190901777,
            0.2500777291383857,
            -1.90043387952472,
            0.17194902156397268,
            5.492450725837028,
            5.875237326624207,
            8.023090383465826,
            7.117490050531986,
            -2.2887507870211494,
            -1.1874522441907238,
            -1.5058038352404919,
            -1.0948588818045015,
            -1.1748455826007802,
            -3.8378630531605755,
            -0.9700371469026916,
            -0.5424587614428559,
            -2.1347630329090737,
            -0.012337118252612458,
            0.626481621466221,
            0.5478193620195582
        ],
        "interceptStderr": null,
        "interceptTstat": null,
        "interceptPvalue": null,
        "interceptCoef": -6.255349269842543,
        "rescaledCoefs": [
            -0.0009871195767653601,
            0.5751377783609336,
            1.6687400436490343,
            2.4105455567295655,
            1.6046772701087526,
            1.1820665039848521,
            2.906172450057067,
            1.9948894519239533,
            1.6663728338805264,
            2.1469548395452556,
            1.535290079103453,
            1.8149971159131,
            3.0829369323704956,
            1.403460449955216,
            -1.5621176673171404,
            -0.12661629116360704,
            1.29732345283349,
            0.8082395653690935,
            2.850160838178744,
            1.8409088577166919,
            1.955534167501699,
            2.0003819013848343,
            4.145095457564556,
            1.4552451578721777,
            2.5258521376008614,
            3.933899613722947,
            2.069538908753695,
            0.9564846573812432,
            1.5686971705477206,
            1.467526771428454,
            2.202223445072808,
            1.9963839786930124,
            1.8552098864645954,
            2.1734520124277195,
            -5.45097953888133,
            4.125366274512526,
            1.071167155786126,
            5.486200168111301,
            0.3560986315187477,
            4.82472182693088,
            0.45149379766414277,
            -0.04744979134905883,
            0.47479802781835007,
            0.3453094030576502,
            -0.5602403102185541,
            1.847096278302969,
            1.7414725508939706,
            1.626462835788741,
            -1.7700380121970114,
            1.4580827205165607,
            2.2408775248086927,
            2.9952814652621247,
            0.3894790892140038,
            -0.5543898363036937,
            1.8071619611436778,
            -6.314358733356379,
            3.419882453331805,
            -5.331688397001901,
            0.5118988831533419,
            1.5942990305684357,
            1.361117091381952,
            1.7374673737762416,
            3.534862123120324,
            1.3538722525958844,
            1.2197827570174788,
            3.9910973056244012,
            2.0512426356171662,
            2.105722669660458,
            1.5438818850838107,
            -5.337417997961748,
            -1.2220536251373906,
            3.9345245173263934,
            -5.215723923934965,
            1.1017546310053656,
            -5.840270694846557,
            4.30850704127978,
            0.7599531600767188,
            -1.225148424434087,
            2.0582103393416133,
            -4.921615876640633,
            1.4926281098009033,
            1.3164113914521722,
            -0.9929324834769331,
            0.11623553387805652,
            1.4969658174936382,
            -1.6794135109313995,
            -5.086886017395206,
            4.097771705506626,
            1.8922837260286671,
            -5.247123490614752,
            4.311029015154804,
            1.3984572533754833,
            -2.0320255617728584,
            -5.374856839424403,
            1.0514885808927084,
            5.864109700028393,
            0.3944829095375954,
            2.3306960702528237,
            -2.643577429616057,
            6.5426910621800385,
            -0.050961962142851536,
            1.9847919014134832,
            -0.260519904841434,
            -1.3175556044807737,
            -0.9724165591280375,
            -0.664525772950858,
            -1.7369219387695145,
            -0.40483122293925594,
            -3.0088725829945537,
            -1.1160159056324201,
            -1.376968966013097,
            -3.789727190901777,
            0.2500777291383857,
            -1.90043387952472,
            0.17194902156397268,
            5.492450725837028,
            5.875237326624207,
            8.023090383465826,
            7.117490050531986,
            -2.2887507870211494,
            -1.1874522441907238,
            -1.5058038352404919,
            -1.0948588818045015,
            -1.1748455826007802,
            -3.8378630531605755,
            -0.9700371469026916,
            -0.5424587614428559,
            -2.1347630329090737,
            -0.012337118252612458,
            0.626481621466221,
            0.5478193620195582
        ],
        "rescaledInterceptCoef": -6.298022517342768
    },
    "probaAware": true
}