{
    "metrics": {},
    "processed_feature_names": [
        "tz_off",
        "dummy:server_ts:2014-03-28-14",
        "dummy:server_ts:2014-03-28-15",
        "dummy:server_ts:2014-03-31-08",
        "dummy:server_ts:2014-03-31-14",
        "dummy:server_ts:2014-03-31-09",
        "dummy:server_ts:2014-03-31-11",
        "dummy:server_ts:2014-03-17-16",
        "dummy:server_ts:2014-03-23-20",
        "dummy:server_ts:2014-03-26-09",
        "dummy:server_ts:2014-03-03-15",
        "dummy:server_ts:2014-03-26-16",
        "dummy:server_ts:2014-03-25-13",
        "dummy:server_ts:2014-03-31-07",
        "dummy:server_ts:2014-03-29-13",
        "dummy:server_ts:2014-03-24-16",
        "dummy:server_ts:2014-03-21-10",
        "dummy:server_ts:2014-03-28-19",
        "dummy:server_ts:2014-03-04-13",
        "dummy:server_ts:2014-03-21-17",
        "dummy:server_ts:2014-03-14-11",
        "dummy:server_ts:2014-03-31-06",
        "dummy:server_ts:2014-03-18-12",
        "dummy:server_ts:2014-03-28-20",
        "dummy:server_ts:2014-03-05-12",
        "dummy:server_ts:2014-03-04-09",
        "dummy:server_ts:2014-03-26-13",
        "dummy:server_ts:2014-03-28-13",
        "dummy:server_ts:2014-03-03-08",
        "dummy:server_ts:2014-03-31-20",
        "dummy:server_ts:2014-03-11-12",
        "dummy:server_ts:2014-03-12-17",
        "dummy:server_ts:2014-03-03-14",
        "dummy:server_ts:2014-03-18-09",
        "dummy:server_ts:2014-03-28-12",
        "dummy:server_ts:2014-03-07-17",
        "dummy:server_ts:2014-03-27-12",
        "dummy:server_ts:2014-03-22-08",
        "dummy:server_ts:2014-03-31-12",
        "dummy:server_ts:2014-03-05-04",
        "dummy:server_ts:2014-03-12-16",
        "dummy:server_ts:2014-03-31-13",
        "dummy:server_ts:2014-03-28-17",
        "dummy:server_ts:2014-03-04-17",
        "dummy:server_ts:2014-03-31-15",
        "dummy:server_ts:2014-03-13-17",
        "dummy:server_ts:2014-03-24-12",
        "dummy:server_ts:2014-03-07-08",
        "dummy:server_ts:2014-03-30-21",
        "dummy:server_ts:2014-03-07-07",
        "dummy:server_ts:2014-03-04-10",
        "dummy:server_ts:2014-03-21-21",
        "dummy:server_ts:2014-03-18-19",
        "dummy:server_ts:2014-03-28-16",
        "dummy:server_ts:2014-03-06-16",
        "dummy:server_ts:2014-03-10-20",
        "dummy:server_ts:2014-03-25-16",
        "dummy:server_ts:2014-03-07-09",
        "dummy:server_ts:2014-03-17-17",
        "dummy:server_ts:2014-03-12-21",
        "dummy:server_ts:2014-03-03-11",
        "dummy:server_ts:2014-03-06-09",
        "dummy:server_ts:2014-03-08-16",
        "dummy:server_ts:2014-03-28-09",
        "dummy:server_ts:2014-03-21-14",
        "dummy:server_ts:2014-03-29-12",
        "dummy:server_ts:2014-03-31-18",
        "dummy:server_ts:2014-03-16-18",
        "dummy:server_ts:2014-03-03-10",
        "dummy:server_ts:2014-03-26-14",
        "dummy:server_ts:2014-03-05-11",
        "dummy:server_ts:2014-03-12-12",
        "dummy:server_ts:2014-03-05-15",
        "dummy:server_ts:2014-03-26-15",
        "dummy:server_ts:2014-03-14-21",
        "dummy:server_ts:2014-03-20-20",
        "dummy:server_ts:2014-03-04-12",
        "dummy:server_ts:2014-03-25-10",
        "dummy:server_ts:2014-03-17-13",
        "dummy:server_ts:2014-03-12-14",
        "dummy:server_ts:2014-03-13-12",
        "dummy:server_ts:2014-03-28-18",
        "dummy:server_ts:2014-03-04-11",
        "dummy:server_ts:2014-03-25-12",
        "dummy:server_ts:2014-03-30-12",
        "dummy:server_ts:2014-03-31-17",
        "dummy:server_ts:2014-03-25-15",
        "dummy:server_ts:2014-03-21-08",
        "dummy:server_ts:2014-03-27-15",
        "dummy:server_ts:2014-03-27-09",
        "dummy:server_ts:2014-03-28-23",
        "dummy:server_ts:2014-03-06-18",
        "dummy:server_ts:2014-03-17-15",
        "dummy:server_ts:2014-03-17-11",
        "dummy:server_ts:2014-03-03-09",
        "dummy:server_ts:2014-03-29-01",
        "dummy:server_ts:2014-03-27-13",
        "dummy:server_ts:2014-03-24-20",
        "dummy:server_ts:2014-03-09-13",
        "dummy:server_ts:2014-03-14-07",
        "dummy:server_ts:2014-03-29-23",
        "dummy:server_ts:2014-03-13-08",
        "dummy:server_ts:N/A",
        "dummy:referer:dataiku",
        "dummy:referer:google",
        "dummy:referer:other",
        "dummy:referer:journaldunet",
        "dummy:referer:kdnuggets",
        "dummy:referer:strata",
        "dummy:referer:linkedin",
        "dummy:referer:kaggle",
        "dummy:referer:bananadata",
        "dummy:referer:datatau",
        "dummy:referer:bing",
        "dummy:referer:agoranov",
        "dummy:referer:datajob2013",
        "dummy:referer:N/A",
        "dummy:br_lang:fr",
        "dummy:br_lang:en",
        "dummy:br_lang:ru",
        "dummy:br_lang:de",
        "dummy:br_lang:pt",
        "dummy:br_lang:es",
        "dummy:br_lang:zh",
        "dummy:br_lang:ja",
        "dummy:br_lang:other",
        "dummy:br_lang:pl",
        "dummy:br_lang:ca",
        "dummy:br_lang:tr",
        "dummy:br_lang:nl",
        "dummy:br_lang:N/A",
        "dummy:user_agent:windows",
        "dummy:user_agent:macintosh",
        "dummy:user_agent:linux",
        "dummy:user_agent:N/A"
    ],
    "optimalThreshold": 0.425,
    "usedThreshold": 0.425,
    "perCutData": {
        "cut": [
            0.0,
            0.025,
            0.05,
            0.075,
            0.1,
            0.125,
            0.15,
            0.175,
            0.2,
            0.225,
            0.25,
            0.275,
            0.3,
            0.325,
            0.35,
            0.375,
            0.4,
            0.425,
            0.45,
            0.475,
            0.5,
            0.525,
            0.55,
            0.575,
            0.6,
            0.625,
            0.65,
            0.675,
            0.7,
            0.725,
            0.75,
            0.775,
            0.8,
            0.825,
            0.85,
            0.875,
            0.9,
            0.925,
            0.95,
            0.975
        ],
        "tp": [
            799,
            799,
            798,
            797,
            795,
            791,
            788,
            780,
            774,
            770,
            756,
            719,
            682,
            676,
            659,
            650,
            622,
            583,
            568,
            565,
            546,
            524,
            515,
            496,
            489,
            474,
            451,
            415,
            390,
            383,
            359,
            334,
            297,
            260,
            224,
            178,
            132,
            100,
            77,
            53
        ],
        "tn": [
            0,
            166,
            180,
            198,
            218,
            293,
            311,
            365,
            443,
            477,
            515,
            714,
            768,
            779,
            842,
            879,
            948,
            1063,
            1084,
            1089,
            1132,
            1181,
            1200,
            1223,
            1234,
            1256,
            1280,
            1320,
            1362,
            1380,
            1408,
            1426,
            1437,
            1452,
            1458,
            1468,
            1478,
            1484,
            1487,
            1490
        ],
        "fp": [
            1498,
            1332,
            1318,
            1300,
            1280,
            1205,
            1187,
            1133,
            1055,
            1021,
            983,
            784,
            730,
            719,
            656,
            619,
            550,
            435,
            414,
            409,
            366,
            317,
            298,
            275,
            264,
            242,
            218,
            178,
            136,
            118,
            90,
            72,
            61,
            46,
            40,
            30,
            20,
            14,
            11,
            8
        ],
        "fn": [
            0,
            0,
            1,
            2,
            4,
            8,
            11,
            19,
            25,
            29,
            43,
            80,
            117,
            123,
            140,
            149,
            177,
            216,
            231,
            234,
            253,
            275,
            284,
            303,
            310,
            325,
            348,
            384,
            409,
            416,
            440,
            465,
            502,
            539,
            575,
            621,
            667,
            699,
            722,
            746
        ],
        "precision": [
            0.347845015237266,
            0.37494134209291413,
            0.3771266540642722,
            0.380066762041011,
            0.38313253012048193,
            0.39629258517034066,
            0.3989873417721519,
            0.40773653946680605,
            0.4231820667031165,
            0.42992741485203795,
            0.4347326049453709,
            0.47837658017298734,
            0.4830028328611898,
            0.4845878136200717,
            0.5011406844106464,
            0.512214342001576,
            0.5307167235494881,
            0.5726915520628684,
            0.5784114052953157,
            0.580082135523614,
            0.5986842105263158,
            0.6230677764565993,
            0.6334563345633456,
            0.6433203631647212,
            0.649402390438247,
            0.6620111731843575,
            0.6741405082212257,
            0.6998313659359191,
            0.7414448669201521,
            0.7644710578842315,
            0.799554565701559,
            0.8226600985221675,
            0.8296089385474861,
            0.8496732026143791,
            0.8484848484848485,
            0.8557692307692307,
            0.868421052631579,
            0.8771929824561403,
            0.875,
            0.8688524590163934
        ],
        "recall": [
            1.0,
            1.0,
            0.9987484355444305,
            0.9974968710888611,
            0.9949937421777222,
            0.9899874843554443,
            0.986232790988736,
            0.9762202753441802,
            0.9687108886107635,
            0.9637046307884856,
            0.9461827284105131,
            0.899874843554443,
            0.853566958698373,
            0.8460575719649562,
            0.8247809762202754,
            0.8135168961201502,
            0.7784730913642053,
            0.7296620775969962,
            0.7108886107634543,
            0.7071339173967459,
            0.6833541927409261,
            0.655819774718398,
            0.6445556946182729,
            0.6207759699624531,
            0.6120150187734669,
            0.5932415519399249,
            0.5644555694618273,
            0.5193992490613266,
            0.4881101376720901,
            0.4793491864831039,
            0.4493116395494368,
            0.41802252816020025,
            0.3717146433041302,
            0.32540675844806005,
            0.28035043804755944,
            0.2227784730913642,
            0.16520650813516896,
            0.1251564455569462,
            0.09637046307884856,
            0.06633291614518148
        ],
        "accuracy": [
            0.347845015237266,
            0.42011319111885065,
            0.4257727470613844,
            0.4331737048323901,
            0.44101001306051374,
            0.4719198955158903,
            0.47845015237266,
            0.49847627340008704,
            0.5298215063125816,
            0.5428820200261211,
            0.5533304309969526,
            0.6238572050500653,
            0.631258162821071,
            0.6334349151066608,
            0.6534610361340879,
            0.6656508489333913,
            0.6835002176752285,
            0.716586852416195,
            0.7191989551589029,
            0.7200696560731389,
            0.7305180670439704,
            0.7422725293861558,
            0.7466260339573356,
            0.7483674357858076,
            0.7501088376142795,
            0.7531562908141054,
            0.7535916412712234,
            0.7553330430996953,
            0.7627340008707009,
            0.7675228558989987,
            0.7692642577274706,
            0.7662168045276447,
            0.7548976926425772,
            0.7453199825859818,
            0.7322594688724423,
            0.716586852416195,
            0.7009142359599477,
            0.6895951240748803,
            0.6808881149325207,
            0.6717457553330431
        ],
        "f1": [
            0.5161498708010336,
            0.5453924914675767,
            0.5475128644939966,
            0.5504143646408841,
            0.5532359081419624,
            0.5660107334525939,
            0.5681326604181687,
            0.5752212389380531,
            0.589041095890411,
            0.5945945945945945,
            0.5957446808510638,
            0.6246741963509992,
            0.6169154228855721,
            0.6162260711030082,
            0.6234626300851468,
            0.6286266924564797,
            0.6311516996448504,
            0.6417171161254815,
            0.6378439079169006,
            0.6373378454596729,
            0.6382232612507306,
            0.6390243902439025,
            0.6389578163771713,
            0.6318471337579619,
            0.6301546391752577,
            0.6257425742574257,
            0.6144414168937329,
            0.596264367816092,
            0.588679245283019,
            0.5892307692307692,
            0.5753205128205129,
            0.554356846473029,
            0.5133967156439067,
            0.4705882352941176,
            0.4214487300094073,
            0.3535253227408143,
            0.277602523659306,
            0.21905805038335158,
            0.17361894024802704,
            0.12325581395348839
        ],
        "mcc": [
            0.0,
            0.2038354902064557,
            0.21020624903939591,
            0.21906096522816224,
            0.22650893414939202,
            0.2619393333180262,
            0.26593028180173106,
            0.28066543932996646,
            0.31269738104458583,
            0.3242308072460067,
            0.32204913743846025,
            0.37706522626096,
            0.35844174466712053,
            0.35704256777291965,
            0.37245063319891836,
            0.38343056447084256,
            0.3918914291739228,
            0.42116911715490435,
            0.41833149852242596,
            0.41837227132850646,
            0.4273656675735671,
            0.43917069919532836,
            0.44384919500685677,
            0.4409637343553813,
            0.4421559702104468,
            0.4438964542249335,
            0.4391659217593983,
            0.43596344234175743,
            0.45037079105481004,
            0.4620019505795519,
            0.46748013289933416,
            0.46192711695566324,
            0.43462888183634213,
            0.4130587569968431,
            0.37878290819339855,
            0.336506195755951,
            0.2909537893819318,
            0.25397940786285017,
            0.22090904314850363,
            0.18067773809304896
        ],
        "hammingLoss": [
            0.6521549847627339,
            0.5798868088811493,
            0.5742272529386157,
            0.56682629516761,
            0.5589899869394863,
            0.5280801044841097,
            0.52154984762734,
            0.501523726599913,
            0.4701784936874184,
            0.45711797997387893,
            0.44666956900304744,
            0.37614279494993474,
            0.36874183717892905,
            0.36656508489333917,
            0.3465389638659121,
            0.3343491510666087,
            0.3164997823247715,
            0.283413147583805,
            0.28080104484109714,
            0.2799303439268611,
            0.2694819329560296,
            0.25772747061384416,
            0.2533739660426644,
            0.25163256421419244,
            0.2498911623857205,
            0.2468437091858946,
            0.24640835872877664,
            0.2446669569003047,
            0.23726599912929913,
            0.2324771441010013,
            0.23073574227252935,
            0.23378319547235527,
            0.24510230735742278,
            0.25468001741401824,
            0.2677405311275577,
            0.283413147583805,
            0.29908576404005227,
            0.31040487592511967,
            0.31911188506747934,
            0.32825424466695685
        ],
        "assertionsMetrics": [],
        "overridesMetrics": []
    },
    "tiMetrics": {
        "auc": 0.8035440662644059,
        "logLoss": 0.5311415572519902,
        "lift": 1.7255324602376063,
        "averagePrecision": 0.7061008454563202,
        "calibrationLoss": 0.10110498663393426
    },
    "probaPercentiles": [
        0.00016895816634083556,
        0.0003892712599241385,
        0.0006063311573581547,
        0.000977172875463252,
        0.0017322167078108281,
        0.0028353617489832532,
        0.022586568350347586,
        0.06033503771963176,
        0.084651071412052,
        0.10567974402302666,
        0.11142797007084214,
        0.1141722964403201,
        0.12358220913348424,
        0.14891420765143762,
        0.1528128532776196,
        0.162361840069626,
        0.178607622576271,
        0.19032683701090677,
        0.19318749185929035,
        0.19662253170611307,
        0.20393826845540305,
        0.22426001679352,
        0.2382430140071544,
        0.24782755783462845,
        0.2511892664976132,
        0.2583366223278477,
        0.26518294055447195,
        0.26518294055447195,
        0.26518294055447195,
        0.26518294055447195,
        0.26518294055447195,
        0.26518294055447195,
        0.26674781759134175,
        0.2705610153003596,
        0.27688330735947964,
        0.2788639964397757,
        0.28674837895597216,
        0.2985524922987132,
        0.31256491810257114,
        0.33230811642106434,
        0.33747417167985827,
        0.3460573736499641,
        0.35345746548672335,
        0.367163785756983,
        0.3842816952721261,
        0.387212362944142,
        0.39077305953936825,
        0.39077305953936825,
        0.4013915550614932,
        0.4060345494958507,
        0.4060345494958507,
        0.4060345494958507,
        0.4060345494958507,
        0.4085669363616113,
        0.420394114500008,
        0.4293925154998781,
        0.4447700816739192,
        0.480944593887737,
        0.4843258917475147,
        0.4946199832836896,
        0.5006009248387027,
        0.5087348377059043,
        0.5206265349365412,
        0.5474125999508468,
        0.5552959076418262,
        0.5610766019291522,
        0.5941774983616748,
        0.6168551457747938,
        0.6262326585942344,
        0.6368764737215395,
        0.6521082338350643,
        0.6569064354545452,
        0.6569064354545452,
        0.6736415994330889,
        0.6890743750216863,
        0.6944964812702872,
        0.6975835788700714,
        0.7179113529430241,
        0.7272538716115194,
        0.7408396587818962,
        0.7558305336817329,
        0.762677931401017,
        0.7830486249274877,
        0.7857890598161971,
        0.8100863099369303,
        0.8191411914514002,
        0.8285167226505122,
        0.8426166338729062,
        0.8593093723551934,
        0.8653545901472603,
        0.8750314786222925,
        0.8782626484721128,
        0.8960330198879936,
        0.9091785831623997,
        0.9190897104610027,
        0.9485987242967421,
        0.9640600952586248,
        0.9818986399040688,
        0.9945845994433257
    ],
    "rocVizData": [
        [
            {
                "x": 0.0,
                "y": 0.0,
                "p": 1.9992353441219373
            },
            {
                "x": 0.0033377837116154874,
                "y": 0.052565707133917394,
                "p": 0.9818986399040688
            },
            {
                "x": 0.007343124165554072,
                "y": 0.10387984981226533,
                "p": 0.9485987242967421
            },
            {
                "x": 0.010013351134846462,
                "y": 0.15143929912390489,
                "p": 0.9115814993031658
            },
            {
                "x": 0.019359145527369826,
                "y": 0.2002503128911139,
                "p": 0.8782626484721128
            },
            {
                "x": 0.02069425901201602,
                "y": 0.2503128911138924,
                "p": 0.8653545901472602
            },
            {
                "x": 0.02870493991989319,
                "y": 0.29912390488110135,
                "p": 0.8426166338729062
            },
            {
                "x": 0.03337783711615487,
                "y": 0.3504380475594493,
                "p": 0.8137899557246495
            },
            {
                "x": 0.042723631508678236,
                "y": 0.3967459324155194,
                "p": 0.7838689888441043
            },
            {
                "x": 0.056074766355140186,
                "y": 0.43929912390488113,
                "p": 0.7588474495419983
            },
            {
                "x": 0.07009345794392523,
                "y": 0.47684605757196497,
                "p": 0.7272538716115194
            },
            {
                "x": 0.10013351134846461,
                "y": 0.5031289111389237,
                "p": 0.6945902278473955
            },
            {
                "x": 0.1268357810413885,
                "y": 0.5319148936170213,
                "p": 0.6617506953628322
            },
            {
                "x": 0.14953271028037382,
                "y": 0.5732165206508135,
                "p": 0.6418419494605773
            },
            {
                "x": 0.17556742323097463,
                "y": 0.6070087609511889,
                "p": 0.605361743875723
            },
            {
                "x": 0.19893190921228304,
                "y": 0.6433041301627034,
                "p": 0.5552959076418262
            },
            {
                "x": 0.22763684913217624,
                "y": 0.6683354192740926,
                "p": 0.5087348377059043
            },
            {
                "x": 0.2576769025367156,
                "y": 0.7021276595744681,
                "p": 0.4843258917475147
            },
            {
                "x": 0.2903871829105474,
                "y": 0.7296620775969962,
                "p": 0.4270904159496417
            },
            {
                "x": 0.36114819759679573,
                "y": 0.7784730913642053,
                "p": 0.4060345494958507
            },
            {
                "x": 0.40787716955941256,
                "y": 0.804755944931164,
                "p": 0.387212362944142
            },
            {
                "x": 0.43991989319092123,
                "y": 0.8285356695869838,
                "p": 0.3488545610494316
            },
            {
                "x": 0.4819759679572764,
                "y": 0.8460575719649562,
                "p": 0.3221949682163546
            },
            {
                "x": 0.5173564753004005,
                "y": 0.8723404255319149,
                "p": 0.27843024542897554
            },
            {
                "x": 0.5440587449933244,
                "y": 0.9023779724655819,
                "p": 0.26759391705658575
            },
            {
                "x": 0.6321762349799733,
                "y": 0.9299123904881101,
                "p": 0.26518294055447195
            },
            {
                "x": 0.6682242990654206,
                "y": 0.9524405506883604,
                "p": 0.2427928640656723
            },
            {
                "x": 0.7109479305740988,
                "y": 0.9712140175219024,
                "p": 0.19662253170611307
            },
            {
                "x": 0.7630173564753004,
                "y": 0.9774718397997497,
                "p": 0.17170500096564323
            },
            {
                "x": 0.8037383177570093,
                "y": 0.9899874843554443,
                "p": 0.12614888303346491
            },
            {
                "x": 0.8538050734312417,
                "y": 0.9949937421777222,
                "p": 0.10272857101323914
            },
            {
                "x": 0.9005340453938585,
                "y": 1.0,
                "p": 0.004181463551375128
            },
            {
                "x": 0.9512683578104139,
                "y": 1.0,
                "p": 0.0006528172018880781
            },
            {
                "x": 1.0,
                "y": 1.0,
                "p": 2.470002708152106e-07
            }
        ]
    ],
    "liftVizData": {
        "bins": [
            {
                "bin_pos_prop": 0.8636363636,
                "bin_lift": 2.4828194334,
                "cum_lift": 0.2377972466,
                "cum_size": 0.0957771006,
                "bin_min": 0.8653545901,
                "bin_max": 0.9992353441,
                "percentile_idx": 0
            },
            {
                "bin_pos_prop": 0.7364016736,
                "bin_lift": 2.1170396049,
                "cum_lift": 0.4580725907,
                "cum_size": 0.1998258598,
                "bin_min": 0.7408396588,
                "bin_max": 0.8653545901,
                "percentile_idx": 1
            },
            {
                "bin_pos_prop": 0.422907489,
                "bin_lift": 1.2157928688,
                "cum_lift": 0.5782227785,
                "cum_size": 0.2986504136,
                "bin_min": 0.6368764737,
                "bin_max": 0.7408396588,
                "percentile_idx": 2
            },
            {
                "bin_pos_prop": 0.3862660944,
                "bin_lift": 1.1104545918,
                "cum_lift": 0.6908635795,
                "cum_size": 0.4000870701,
                "bin_min": 0.4946199833,
                "bin_max": 0.6368764737,
                "percentile_idx": 3
            },
            {
                "bin_pos_prop": 0.2774193548,
                "bin_lift": 0.7975372441,
                "cum_lift": 0.7446808511,
                "cum_size": 0.4675663909,
                "bin_min": 0.4060345495,
                "bin_max": 0.4946199833,
                "percentile_idx": 4
            },
            {
                "bin_pos_prop": 0.2434210526,
                "bin_lift": 0.6997974442,
                "cum_lift": 0.8372966208,
                "cum_size": 0.5999129299,
                "bin_min": 0.3323081164,
                "bin_max": 0.4060345495,
                "percentile_idx": 5
            },
            {
                "bin_pos_prop": 0.3229813665,
                "bin_lift": 0.9285208996,
                "cum_lift": 0.9023779725,
                "cum_size": 0.6700043535,
                "bin_min": 0.2651829406,
                "bin_max": 0.3323081164,
                "percentile_idx": 6
            },
            {
                "bin_pos_prop": 0.186440678,
                "bin_lift": 0.5359877813,
                "cum_lift": 0.9712140175,
                "cum_size": 0.7984327384,
                "bin_min": 0.1966225317,
                "bin_max": 0.2651829406,
                "percentile_idx": 7
            },
            {
                "bin_pos_prop": 0.0775862069,
                "bin_lift": 0.2230482068,
                "cum_lift": 0.9937421777,
                "cum_size": 0.8994340444,
                "bin_min": 0.105679744,
                "bin_max": 0.1966225317,
                "percentile_idx": 8
            },
            {
                "bin_pos_prop": 0.0216450216,
                "bin_lift": 0.062226051,
                "cum_lift": 1.0,
                "cum_size": 1.0,
                "bin_min": 2.47e-07,
                "bin_max": 0.105679744,
                "percentile_idx": 9
            }
        ],
        "wizard": {
            "positives": 799,
            "total": 2297
        }
    },
    "prVizData": [
        {
            "bins": [
                {
                    "x": 1.0,
                    "y": 0.37546992481203006,
                    "p": 0.0329156575240101
                },
                {
                    "x": 0.9799749687108886,
                    "y": 0.4048603929679421,
                    "p": 0.15982456162651093
                },
                {
                    "x": 0.9524405506883604,
                    "y": 0.4318955732122588,
                    "p": 0.2427928640656723
                },
                {
                    "x": 0.9023779724655819,
                    "y": 0.46848602988953864,
                    "p": 0.26748423031457436
                },
                {
                    "x": 0.8598247809762203,
                    "y": 0.47379310344827585,
                    "p": 0.2849143343040251
                },
                {
                    "x": 0.8285356695869838,
                    "y": 0.49886963074604374,
                    "p": 0.3476593750578841
                },
                {
                    "x": 0.799749687108886,
                    "y": 0.5199349064279902,
                    "p": 0.3890759650488134
                },
                {
                    "x": 0.7446808510638298,
                    "y": 0.5540037243947858,
                    "p": 0.406301793438429
                },
                {
                    "x": 0.7221526908635795,
                    "y": 0.5787362086258776,
                    "p": 0.4447700816739192
                },
                {
                    "x": 0.690863579474343,
                    "y": 0.6,
                    "p": 0.49293657295378557
                },
                {
                    "x": 0.6608260325406758,
                    "y": 0.6197183098591549,
                    "p": 0.5206265349365412
                },
                {
                    "x": 0.6295369211514393,
                    "y": 0.63510101010101,
                    "p": 0.5610766019291522
                },
                {
                    "x": 0.5994993742177722,
                    "y": 0.6534788540245566,
                    "p": 0.6201696481086586
                },
                {
                    "x": 0.5657071339173968,
                    "y": 0.6686390532544378,
                    "p": 0.6427762866302007
                },
                {
                    "x": 0.5319148936170213,
                    "y": 0.689935064935065,
                    "p": 0.6590443810485455
                },
                {
                    "x": 0.509386733416771,
                    "y": 0.712784588441331,
                    "p": 0.6899753734441519
                },
                {
                    "x": 0.48936170212765956,
                    "y": 0.740530303030303,
                    "p": 0.6981024807756958
                },
                {
                    "x": 0.47684605757196497,
                    "y": 0.7839506172839507,
                    "p": 0.7272538716115194
                },
                {
                    "x": 0.45056320400500627,
                    "y": 0.8,
                    "p": 0.748620451100697
                },
                {
                    "x": 0.42177722152690866,
                    "y": 0.8159806295399515,
                    "p": 0.7641936109919825
                },
                {
                    "x": 0.3879849812265332,
                    "y": 0.8288770053475936,
                    "p": 0.7857890598161971
                },
                {
                    "x": 0.3566958698372966,
                    "y": 0.8482142857142857,
                    "p": 0.8116131054248199
                },
                {
                    "x": 0.31038798498122655,
                    "y": 0.8435374149659864,
                    "p": 0.8340904581031322
                },
                {
                    "x": 0.28035043804755944,
                    "y": 0.8582375478927203,
                    "p": 0.8517214622650654
                },
                {
                    "x": 0.2503128911138924,
                    "y": 0.8658008658008658,
                    "p": 0.8653545901472602
                },
                {
                    "x": 0.2002503128911139,
                    "y": 0.8465608465608465,
                    "p": 0.8782626484721128
                },
                {
                    "x": 0.17772215269086358,
                    "y": 0.8711656441717791,
                    "p": 0.8947935004212606
                },
                {
                    "x": 0.15143929912390489,
                    "y": 0.8832116788321168,
                    "p": 0.9112492503399204
                },
                {
                    "x": 0.1214017521902378,
                    "y": 0.8738738738738738,
                    "p": 0.9371771834235668
                },
                {
                    "x": 0.10387984981226533,
                    "y": 0.8829787234042553,
                    "p": 0.9485987242967421
                },
                {
                    "x": 0.07509386733416772,
                    "y": 0.8571428571428571,
                    "p": 0.9640600952586248
                },
                {
                    "x": 0.06633291614518148,
                    "y": 0.8833333333333333,
                    "p": 0.9773506105700795
                },
                {
                    "x": 0.052565707133917394,
                    "y": 0.8936170212765957,
                    "p": 0.9818986399040688
                },
                {
                    "x": 0.04380475594493116,
                    "y": 0.9210526315789473,
                    "p": 0.9886424915916692
                },
                {
                    "x": 0.02753441802252816,
                    "y": 0.9166666666666666,
                    "p": 0.99455022614133
                },
                {
                    "x": 0.02753441802252816,
                    "y": 1.0,
                    "p": 0.9963485383352472
                },
                {
                    "x": 0.012515644555694618,
                    "y": 1.0,
                    "p": 0.9992353441219373
                }
            ],
            "positiveRate": 0.347845015237266
        }
    ],
    "densityData": {
        "0.0": {
            "actualIsThisClass": [
                0.07285265285164129,
                0.08312559007341332,
                0.09364731603946824,
                0.10440296321280605,
                0.11542662814149879,
                0.12678546987458822,
                0.13855791669633893,
                0.15081276823244666,
                0.16359601344799368,
                0.1769301906428117,
                0.19082761054439715,
                0.20531473147871943,
                0.22046154959819883,
                0.23640797577165631,
                0.25337927030147134,
                0.27168458488697694,
                0.2916959272776888,
                0.3138085727356167,
                0.3383872668909035,
                0.3657049007328426,
                0.39588143990862545,
                0.42883083740429956,
                0.46422274737086117,
                0.5014644413493576,
                0.5397066741605617,
                0.5778754631211985,
                0.6147297937921711,
                0.6489430562765901,
                0.679203523685472,
                0.7043265480527677,
                0.7233686973951606,
                0.7357322511983226,
                0.7412477867223749,
                0.7402233917835517,
                0.7334514971253495,
                0.72216836190396,
                0.7079665667713356,
                0.6926669596306086,
                0.6781626600114057,
                0.6662530928129125,
                0.6584896046789249,
                0.6560550131150737,
                0.6596966055915251,
                0.6697252051080581,
                0.686082203234371,
                0.7084631351259737,
                0.7364727135198929,
                0.7697754594028376,
                0.8082017568211262,
                0.8517743168113574,
                0.9006358354309493,
                0.9548833326738998,
                1.0143431910887877,
                1.0783455856692188,
                1.1455694414768287,
                1.2140229565054481,
                1.2811984363915112,
                1.34439815455295,
                1.4011802046993733,
                1.4498329236735883,
                1.4897657275285283,
                1.5217108205351175,
                1.5476647786497928,
                1.5705545048731624,
                1.5936757225075087,
                1.6200086725355185,
                1.651550904347319,
                1.688811515815171,
                1.7305823909361788,
                1.7740452088981784,
                1.8152005840785614,
                1.8495344779553522,
                1.872784417948706,
                1.8816474821753661,
                1.8742888977470173,
                1.8505599246217568,
                1.8119029551716197,
                1.7609919072988407,
                1.701209092452772,
                1.636083840720512,
                1.5688103933544084,
                1.5019289779682057,
                1.4372064355822958,
                1.3757044705541466,
                1.317985092656987,
                1.2643799535018658,
                1.215244326851233,
                1.1711257492237812,
                1.132798887603435,
                1.1011487147605161,
                1.0769195876435882,
                1.0603829644037541,
                1.0510041939826515,
                1.047201312335505,
                1.0462799579850595,
                1.0445967185080596,
                1.037953251764966,
                1.0221666311439708,
                0.9937126357774663,
                0.950312589157674
            ],
            "actualIsNotThisClass": [
                0.8995414411103028,
                0.9949866911947218,
                1.088841378176111,
                1.1798045129357992,
                1.2667315122115863,
                1.3486326941839937,
                1.4246522485555928,
                1.494036677298577,
                1.556103203220592,
                1.610217915327326,
                1.6557906978700399,
                1.6922899344178912,
                1.7192755002189606,
                1.7364445907524964,
                1.7436822262214955,
                1.7411072261894753,
                1.7291050833331276,
                1.7083411635625705,
                1.67975049817297,
                1.6445035394411827,
                1.6039501396269165,
                1.5595463702344226,
                1.5127704910871769,
                1.4650354087278799,
                1.4176053877963664,
                1.371524636422842,
                1.3275646609101155,
                1.2861959162361425,
                1.2475872198084992,
                1.2116336874550016,
                1.1780107859160138,
                1.1462488415900831,
                1.1158195029099682,
                1.0862237660443312,
                1.0570706940932113,
                1.0281371236153187,
                0.9994013856847695,
                0.9710479685681072,
                0.9434444432455634,
                0.9170960523005045,
                0.8925863559272489,
                0.8705136774696559,
                0.8514325810318566,
                0.8358074309908166,
                0.8239817761437063,
                0.816163658690133,
                0.8124238187761471,
                0.8127018581900267,
                0.816815141104011,
                0.8244665320276704,
                0.8352495683909974,
                0.8486525800040603,
                0.8640656990092099,
                0.8807958357542097,
                0.8980940207344346,
                0.9151969931853577,
                0.9313810389155727,
                0.9460217718844797,
                0.9586499809379155,
                0.9689919385527395,
                0.9769834524901455,
                0.982750604431043,
                0.9865560411044046,
                0.988716720902928,
                0.9895056446344981,
                0.9890547495982109,
                0.9872776032364384,
                0.9838282368344076,
                0.9781066759709407,
                0.9693135116346212,
                0.9565468446665073,
                0.9389269657261827,
                0.9157288362213599,
                0.886500873341555,
                0.851150974847523,
                0.8099865684688451,
                0.763703476025327,
                0.7133269058613303,
                0.6601152883571114,
                0.6054426555064918,
                0.5506771371059751,
                0.49707188646449674,
                0.4456809533239433,
                0.39730730025630706,
                0.3524844704476181,
                0.3114884095328953,
                0.2743723677462154,
                0.24101600612702428,
                0.2111797532304814,
                0.18455675369904068,
                0.16081689445323888,
                0.1396398358276178,
                0.12073624484984431,
                0.10385820837405849,
                0.08880094773367012,
                0.07539846694696083,
                0.06351575211971472,
                0.05303976337801609,
                0.04387089309137738,
                0.035915951070689
            ],
            "actualIsThisClassMedian": 0.7086587993230097,
            "actualIsNotThisClassMedian": 0.30540977215260445
        },
        "1.0": {
            "actualIsThisClass": [
                0.03591595107068895,
                0.043870893091377476,
                0.05303976337801637,
                0.06351575211971472,
                0.07539846694696063,
                0.0888009477336702,
                0.10385820837405774,
                0.12073624484984453,
                0.13963983582761633,
                0.16081689445323874,
                0.18455675369904068,
                0.21117975323048216,
                0.24101600612702387,
                0.2743723677462144,
                0.31148840953289586,
                0.3524844704476193,
                0.3973073002563039,
                0.4456809533239481,
                0.49707188646449324,
                0.5506771371059781,
                0.6054426555064933,
                0.6601152883571161,
                0.7133269058613303,
                0.7637034760253208,
                0.8099865684688538,
                0.8511509748475237,
                0.8865008733415567,
                0.9157288362213591,
                0.9389269657261868,
                0.9565468446665175,
                0.969313511634623,
                0.9781066759709459,
                0.9838282368344049,
                0.9872776032364375,
                0.9890547495982029,
                0.9895056446344902,
                0.9887167209029235,
                0.9865560411044039,
                0.9827506044310527,
                0.9769834524901542,
                0.9689919385527351,
                0.9586499809379122,
                0.9460217718844898,
                0.9313810389155801,
                0.9151969931853617,
                0.8980940207344418,
                0.8807958357542034,
                0.8640656990092099,
                0.848652580004052,
                0.8352495683910003,
                0.8244665320276799,
                0.8168151411040212,
                0.8127018581900325,
                0.8124238187761479,
                0.8161636586901402,
                0.8239817761436953,
                0.8358074309908142,
                0.8514325810318703,
                0.8705136774696544,
                0.892586355927264,
                0.9170960523005004,
                0.9434444432455634,
                0.97104796856812,
                0.999401385684782,
                1.0281371236153105,
                1.0570706940932113,
                1.0862237660443352,
                1.1158195029099602,
                1.1462488415900893,
                1.1780107859159876,
                1.2116336874550175,
                1.2475872198084847,
                1.2861959162361571,
                1.327564660910106,
                1.3715246364228322,
                1.4176053877963688,
                1.4650354087278943,
                1.512770491087193,
                1.5595463702344363,
                1.6039501396268951,
                1.6445035394411827,
                1.6797504981729625,
                1.7083411635626025,
                1.729105083333123,
                1.7411072261894847,
                1.7436822262215017,
                1.7364445907525041,
                1.7192755002189453,
                1.6922899344178732,
                1.655790697870037,
                1.6102179153273317,
                1.556103203220588,
                1.4940366772985636,
                1.424652248555612,
                1.3486326941840043,
                1.266731512211592,
                1.17980451293579,
                1.0888413781761168,
                0.9949866911947448,
                0.8995414411102995
            ],
            "actualIsNotThisClass": [
                0.9503125891576749,
                0.9937126357774619,
                1.022166631143979,
                1.037953251764975,
                1.0445967185080494,
                1.046279957985039,
                1.0472013123355124,
                1.0510041939826422,
                1.0603829644037315,
                1.0769195876435977,
                1.101148714760517,
                1.132798887603411,
                1.171125749223778,
                1.2152443268512427,
                1.2643799535018658,
                1.3179850926570045,
                1.375704470554149,
                1.4372064355823035,
                1.501928977968195,
                1.5688103933543804,
                1.6360838407205032,
                1.7012090924527825,
                1.7609919072988924,
                1.8119029551715988,
                1.8505599246217437,
                1.874288897746991,
                1.8816474821753677,
                1.8727844179487045,
                1.8495344779553373,
                1.8152005840785808,
                1.7740452088981957,
                1.7305823909362097,
                1.6888115158151757,
                1.6515509043473058,
                1.6200086725355343,
                1.593675722507551,
                1.5705545048731708,
                1.5476647786498066,
                1.5217108205351513,
                1.4897657275285205,
                1.4498329236735727,
                1.4011802046993809,
                1.344398154552945,
                1.2811984363914963,
                1.2140229565054568,
                1.1455694414768318,
                1.0783455856692072,
                1.014343191088803,
                0.9548833326738921,
                0.9006358354309508,
                0.8517743168113522,
                0.8082017568211067,
                0.7697754594028506,
                0.7364727135198784,
                0.7084631351259706,
                0.6860822032343734,
                0.6697252051080718,
                0.6596966055915251,
                0.656055013115068,
                0.6584896046789261,
                0.6662530928129183,
                0.6781626600114171,
                0.6926669596306043,
                0.7079665667713356,
                0.7221683619039537,
                0.7334514971253502,
                0.7402233917835497,
                0.7412477867223742,
                0.7357322511983083,
                0.7233686973951671,
                0.7043265480527646,
                0.6792035236854731,
                0.6489430562765827,
                0.6147297937921771,
                0.5778754631211954,
                0.539706674160557,
                0.5014644413493607,
                0.46422274737085906,
                0.4288308374043038,
                0.39588143990862124,
                0.36570490073284134,
                0.3383872668909059,
                0.31380857273562063,
                0.2916959272776898,
                0.2716845848869753,
                0.2533792703014718,
                0.23640797577165631,
                0.22046154959819805,
                0.20531473147871815,
                0.19082761054439631,
                0.17693019064281265,
                0.16359601344799396,
                0.15081276823244652,
                0.1385579166963393,
                0.12678546987458847,
                0.11542662814149839,
                0.10440296321280625,
                0.09364731603946808,
                0.08312559007341318,
                0.07285265285164141
            ],
            "actualIsThisClassMedian": 0.6945902278473955,
            "actualIsNotThisClassMedian": 0.2913412006769903
        }
    },
    "calibrationData": [
        {
            "y": 0,
            "x": 0,
            "n": 0
        },
        {
            "y": 0.018018018018018018,
            "x": 0.019077234347808874,
            "n": 222.0
        },
        {
            "y": 0.08536585365853659,
            "x": 0.15270023850759884,
            "n": 246.0
        },
        {
            "y": 0.22062350119904076,
            "x": 0.2602712553609331,
            "n": 417.0
        },
        {
            "y": 0.25,
            "x": 0.36198397259003406,
            "n": 240.0
        },
        {
            "y": 0.2923076923076923,
            "x": 0.43277640072566403,
            "n": 260.0
        },
        {
            "y": 0.3584905660377358,
            "x": 0.5371977856352421,
            "n": 159.0
        },
        {
            "y": 0.43612334801762115,
            "x": 0.6568332626543355,
            "n": 227.0
        },
        {
            "y": 0.5535714285714286,
            "x": 0.7516349863252815,
            "n": 168.0
        },
        {
            "y": 0.8009708737864077,
            "x": 0.850851857562828,
            "n": 206.0
        },
        {
            "y": 0.868421052631579,
            "x": 0.9568543395075437,
            "n": 152.0
        },
        {
            "y": 1,
            "x": 1,
            "n": 0
        }
    ],
    "probaDistribData": {
        "bins": [
            0.0,
            0.1,
            0.2,
            0.3,
            0.4,
            0.5,
            0.6,
            0.7,
            0.8,
            0.9,
            1.0
        ],
        "probaDistribs": [
            [
                218.0,
                225.0,
                325.0,
                180.0,
                184.0,
                102.0,
                128.0,
                75.0,
                41.0,
                20.0
            ],
            [
                4.0,
                21.0,
                92.0,
                60.0,
                76.0,
                57.0,
                99.0,
                93.0,
                165.0,
                132.0
            ]
        ]
    },
    "globalMetrics": {
        "testWeight": 2297,
        "targetAvg": [
            0.347845015237266
        ],
        "targetStd": [
            0.47639024169310096
        ],
        "predictionAvg": [
            0.44318676534610363
        ],
        "predictionStd": [
            0.4967617702361578
        ]
    }
}