{
  "state": "DONE",
  "preSearchDescription": {
    "gridLength": 5,
    "searchStrategy": "GRID",
    "importantParams": [
      {
        "name": "penalty",
        "vals": [
          "l2"
        ]
      },
      {
        "name": "C",
        "vals": [
          "0.01",
          "0.1",
          "1.0",
          "10.0",
          "100.0"
        ]
      }
    ]
  },
  "postSearchDescription": {
    "importantParams": [
      {
        "name": "C",
        "val": "100.0"
      },
      {
        "name": "penalty",
        "val": "l2"
      }
    ]
  },
  "resumed": false,
  "timeOrderingEnabled": false,
  "sampleWeightsEnabled": false,
  "modelId": "m1",
  "progress": {
    "top_level_todo": [],
    "stack": [],
    "top_level_done": [
      {
        "name": "Loading train set",
        "time": 66
      },
      {
        "name": "Loading test set",
        "time": 17
      },
      {
        "name": "Collecting statistics",
        "time": 23
      },
      {
        "name": "Preprocessing train set",
        "time": 107
      },
      {
        "name": "Preprocessing test set",
        "time": 25
      },
      {
        "name": "Hyperparameter searching",
        "time": 9123
      },
      {
        "name": "Fitting model",
        "time": 102
      },
      {
        "name": "Saving model",
        "time": 20
      },
      {
        "name": "Scoring model",
        "time": 4357
      },
      {
        "name": "Preparing explainability",
        "time": 1884
      }
    ]
  },
  "startTime": 1706963852533,
  "endTime": 1706963868374,
  "preprocessingTime": 350,
  "trainingTime": 15491,
  "hyperparamsSearchTime": 9123,
  "pythonVersion": "3.6.8"
}