{
  "starred": false,
  "clusterMetas": {},
  "sessionName": "final_model",
  "customMeta": {
    "kv": {}
  },
  "tags": [],
  "activeClassifierThreshold": 0.425,
  "description": "",
  "name": "Logistic Regression (final_model)",
  "labels": [
    {
      "key": "trainDataset:dataset-name",
      "value": "row_logs_train"
    },
    {
      "key": "testDataset:dataset-name",
      "value": "row_logs_train"
    },
    {
      "key": "evaluationDataset:dataset-name",
      "value": "row_logs_train"
    },
    {
      "key": "model:algorithm",
      "value": "LOGISTIC_REGRESSION"
    },
    {
      "key": "model:name",
      "value": "Logistic Regression (final_model)"
    },
    {
      "key": "model:session-name",
      "value": "final_model"
    },
    {
      "key": "model:date",
      "value": "2024-02-03T12:37:48.374+0000"
    },
    {
      "key": "evaluation:date",
      "value": "2024-02-03T12:37:48.374+0000"
    }
  ]
}