{
  "pages": [
    {
      "id": "90zqUus",
      "grid": {
        "tiles": []
      },
      "showTitle": false,
      "enableCrossFilters": true
    }
  ],
  "owner": "amrabdelraheem9@gmail.com",
  "listed": true,
  "name": "Website visits logs\u0027s default dashboard",
  "showGrid": true,
  "reloadWhenEventReceived": false,
  "creationTag": {
    "versionNumber": 0,
    "lastModifiedBy": {
      "login": "amrabdelraheem9@gmail.com"
    },
    "lastModifiedOn": 1705784924987,
    "extendedProperties": {}
  },
  "tags": [],
  "customFields": {},
  "checklists": {
    "checklists": []
  }
}