{
  "trainedWithDSSVersion": "12.4.2",
  "backend": "PY_MEMORY",
  "isValid": true,
  "type": "BINARY_PROBABILISTIC",
  "algorithm_name": "FOREST_CLASSIFIER",
  "columns": [
    "tz_off",
    "br_width",
    "br_height",
    "sc_height",
    "sc_width",
    "dummy:server_ts:2014-03-28-14",
    "dummy:server_ts:2014-03-28-15",
    "dummy:server_ts:2014-03-31-08",
    "dummy:server_ts:2014-03-31-14",
    "dummy:server_ts:2014-03-31-09",
    "dummy:server_ts:2014-03-31-11",
    "dummy:server_ts:2014-03-17-16",
    "dummy:server_ts:2014-03-23-20",
    "dummy:server_ts:2014-03-26-09",
    "dummy:server_ts:2014-03-03-15",
    "dummy:server_ts:2014-03-26-16",
    "dummy:server_ts:2014-03-25-13",
    "dummy:server_ts:2014-03-31-07",
    "dummy:server_ts:2014-03-29-13",
    "dummy:server_ts:2014-03-24-16",
    "dummy:server_ts:2014-03-21-10",
    "dummy:server_ts:2014-03-28-19",
    "dummy:server_ts:2014-03-04-13",
    "dummy:server_ts:2014-03-21-17",
    "dummy:server_ts:2014-03-14-11",
    "dummy:server_ts:2014-03-31-06",
    "dummy:server_ts:2014-03-18-12",
    "dummy:server_ts:2014-03-28-20",
    "dummy:server_ts:2014-03-05-12",
    "dummy:server_ts:2014-03-04-09",
    "dummy:server_ts:2014-03-26-13",
    "dummy:server_ts:2014-03-28-13",
    "dummy:server_ts:2014-03-03-08",
    "dummy:server_ts:2014-03-31-20",
    "dummy:server_ts:2014-03-11-12",
    "dummy:server_ts:2014-03-12-17",
    "dummy:server_ts:2014-03-03-14",
    "dummy:server_ts:2014-03-18-09",
    "dummy:server_ts:2014-03-28-12",
    "dummy:server_ts:2014-03-07-17",
    "dummy:server_ts:2014-03-27-12",
    "dummy:server_ts:2014-03-22-08",
    "dummy:server_ts:2014-03-31-12",
    "dummy:server_ts:2014-03-05-04",
    "dummy:server_ts:2014-03-12-16",
    "dummy:server_ts:2014-03-31-13",
    "dummy:server_ts:2014-03-28-17",
    "dummy:server_ts:2014-03-04-17",
    "dummy:server_ts:2014-03-31-15",
    "dummy:server_ts:2014-03-13-17",
    "dummy:server_ts:2014-03-24-12",
    "dummy:server_ts:2014-03-07-08",
    "dummy:server_ts:2014-03-30-21",
    "dummy:server_ts:2014-03-07-07",
    "dummy:server_ts:2014-03-04-10",
    "dummy:server_ts:2014-03-21-21",
    "dummy:server_ts:2014-03-18-19",
    "dummy:server_ts:2014-03-28-16",
    "dummy:server_ts:2014-03-06-16",
    "dummy:server_ts:2014-03-10-20",
    "dummy:server_ts:2014-03-25-16",
    "dummy:server_ts:2014-03-07-09",
    "dummy:server_ts:2014-03-17-17",
    "dummy:server_ts:2014-03-12-21",
    "dummy:server_ts:2014-03-03-11",
    "dummy:server_ts:2014-03-06-09",
    "dummy:server_ts:2014-03-08-16",
    "dummy:server_ts:2014-03-28-09",
    "dummy:server_ts:2014-03-21-14",
    "dummy:server_ts:2014-03-29-12",
    "dummy:server_ts:2014-03-31-18",
    "dummy:server_ts:2014-03-16-18",
    "dummy:server_ts:2014-03-03-10",
    "dummy:server_ts:2014-03-26-14",
    "dummy:server_ts:2014-03-05-11",
    "dummy:server_ts:2014-03-12-12",
    "dummy:server_ts:2014-03-05-15",
    "dummy:server_ts:2014-03-26-15",
    "dummy:server_ts:2014-03-14-21",
    "dummy:server_ts:2014-03-20-20",
    "dummy:server_ts:2014-03-04-12",
    "dummy:server_ts:2014-03-25-10",
    "dummy:server_ts:2014-03-17-13",
    "dummy:server_ts:2014-03-12-14",
    "dummy:server_ts:2014-03-13-12",
    "dummy:server_ts:2014-03-28-18",
    "dummy:server_ts:2014-03-04-11",
    "dummy:server_ts:2014-03-25-12",
    "dummy:server_ts:2014-03-30-12",
    "dummy:server_ts:2014-03-31-17",
    "dummy:server_ts:2014-03-25-15",
    "dummy:server_ts:2014-03-21-08",
    "dummy:server_ts:2014-03-27-15",
    "dummy:server_ts:2014-03-27-09",
    "dummy:server_ts:2014-03-28-23",
    "dummy:server_ts:2014-03-06-18",
    "dummy:server_ts:2014-03-17-15",
    "dummy:server_ts:2014-03-17-11",
    "dummy:server_ts:2014-03-03-09",
    "dummy:server_ts:2014-03-29-01",
    "dummy:server_ts:2014-03-27-13",
    "dummy:server_ts:2014-03-24-20",
    "dummy:server_ts:2014-03-09-13",
    "dummy:server_ts:2014-03-14-07",
    "dummy:server_ts:2014-03-29-23",
    "dummy:server_ts:2014-03-13-08",
    "dummy:server_ts:N/A",
    "dummy:server_ts:__Others__",
    "dummy:referer:dataiku",
    "dummy:referer:google",
    "dummy:referer:other",
    "dummy:referer:journaldunet",
    "dummy:referer:kdnuggets",
    "dummy:referer:strata",
    "dummy:referer:linkedin",
    "dummy:referer:kaggle",
    "dummy:referer:bananadata",
    "dummy:referer:datatau",
    "dummy:referer:bing",
    "dummy:referer:agoranov",
    "dummy:referer:datajob2013",
    "dummy:referer:practicalquant",
    "dummy:referer:N/A",
    "dummy:referer:__Others__",
    "dummy:br_lang:fr",
    "dummy:br_lang:en",
    "dummy:br_lang:ru",
    "dummy:br_lang:de",
    "dummy:br_lang:pt",
    "dummy:br_lang:es",
    "dummy:br_lang:zh",
    "dummy:br_lang:ja",
    "dummy:br_lang:other",
    "dummy:br_lang:pl",
    "dummy:br_lang:ca",
    "dummy:br_lang:tr",
    "dummy:br_lang:nl",
    "dummy:br_lang:da",
    "dummy:br_lang:N/A",
    "dummy:br_lang:__Others__",
    "dummy:user_agent:windows",
    "dummy:user_agent:macintosh",
    "dummy:user_agent:linux",
    "dummy:user_agent:other",
    "dummy:user_agent:N/A",
    "dummy:user_agent:__Others__"
  ],
  "classes": [
    "0.0",
    "1.0"
  ]
}