{
    "perClassFacts": {
        "unique": {
            "server_ts": {
                "impact": 0.45459840326363293,
                "rank": 1,
                "feature": "server_ts",
                "positiveCategoricalValue": "2014-03-28-14",
                "negativeCategoricalValue": "2014-03-03-19",
                "infoGain": 0.6817189478330615,
                "type": "CATEGORICAL"
            },
            "referer": {
                "impact": 0.2527311897327564,
                "rank": 2,
                "feature": "referer",
                "positiveCategoricalValue": "dataiku",
                "negativeCategoricalValue": "google",
                "infoGain": 0.6108643020548935,
                "type": "CATEGORICAL"
            },
            "br_lang": {
                "impact": 0.0815848013673247,
                "rank": 7,
                "feature": "br_lang",
                "positiveCategoricalValue": "en",
                "negativeCategoricalValue": "fr",
                "infoGain": 0.587395484718014,
                "type": "CATEGORICAL"
            }
        }
    }
}