[
    {
        "test_score_gib": 0.8254369789265593,
        "train_score": 0.8371714290723022,
        "test_score": 0.8254369789265593,
        "num_samples": 1825,
        "fit_time": 3064,
        "score_time": 1300,
        "time": 4364,
        "parameters": {
            "max_depth": 6,
            "max_features": "auto",
            "min_samples_leaf": 1,
            "n_estimators": 100,
            "min_samples_split": 3
        },
        "done_at": 1706743101906,
        "split_id": 0
    },
    {
        "test_score_gib": 0.8254981859286403,
        "train_score": 0.832630724090316,
        "test_score": 0.8254981859286403,
        "num_samples": 1825,
        "fit_time": 2990,
        "score_time": 711,
        "time": 3701,
        "parameters": {
            "max_depth": 6,
            "max_features": "auto",
            "min_samples_leaf": 1,
            "n_estimators": 100,
            "min_samples_split": 3
        },
        "done_at": 1706743101244,
        "split_id": 1
    },
    {
        "test_score_gib": 0.8165435695805301,
        "train_score": 0.8339711756758299,
        "test_score": 0.8165435695805301,
        "num_samples": 1823,
        "fit_time": 2984,
        "score_time": 511,
        "time": 3495,
        "parameters": {
            "max_depth": 6,
            "max_features": "auto",
            "min_samples_leaf": 1,
            "n_estimators": 100,
            "min_samples_split": 3
        },
        "done_at": 1706743101040,
        "split_id": 2
    },
    {
        "test_score_gib": 0.8184402829013839,
        "train_score": 0.829495386902094,
        "test_score": 0.8184402829013839,
        "num_samples": 1823,
        "fit_time": 2985,
        "score_time": 514,
        "time": 3499,
        "parameters": {
            "max_depth": 6,
            "max_features": "auto",
            "min_samples_leaf": 1,
            "n_estimators": 100,
            "min_samples_split": 3
        },
        "done_at": 1706743101045,
        "split_id": 3
    },
    {
        "test_score_gib": 0.8234829556876597,
        "train_score": 0.8329835685380366,
        "test_score": 0.8234829556876597,
        "num_samples": 1823,
        "fit_time": 3067,
        "score_time": 1202,
        "time": 4269,
        "parameters": {
            "max_depth": 6,
            "max_features": "auto",
            "min_samples_leaf": 1,
            "n_estimators": 100,
            "min_samples_split": 3
        },
        "done_at": 1706743105313,
        "split_id": 4
    },
    {
        "test_score_gib": 0.9378299643436655,
        "train_score": 0.9597093919458004,
        "test_score": 0.9378299643436655,
        "num_samples": 1825,
        "fit_time": 3874,
        "score_time": 1330,
        "time": 5204,
        "parameters": {
            "max_depth": 13,
            "max_features": "auto",
            "min_samples_leaf": 1,
            "n_estimators": 100,
            "min_samples_split": 3
        },
        "done_at": 1706743106253,
        "split_id": 0
    },
    {
        "test_score_gib": 0.9397286836848178,
        "train_score": 0.954820317694835,
        "test_score": 0.9397286836848178,
        "num_samples": 1825,
        "fit_time": 3775,
        "score_time": 1112,
        "time": 4887,
        "parameters": {
            "max_depth": 13,
            "max_features": "auto",
            "min_samples_leaf": 1,
            "n_estimators": 100,
            "min_samples_split": 3
        },
        "done_at": 1706743106135,
        "split_id": 1
    },
    {
        "test_score_gib": 0.9283367403682732,
        "train_score": 0.9498694544630765,
        "test_score": 0.9283367403682732,
        "num_samples": 1823,
        "fit_time": 3307,
        "score_time": 1391,
        "time": 4698,
        "parameters": {
            "max_depth": 13,
            "max_features": "auto",
            "min_samples_leaf": 1,
            "n_estimators": 100,
            "min_samples_split": 3
        },
        "done_at": 1706743106618,
        "split_id": 2
    },
    {
        "test_score_gib": 0.9343258117489185,
        "train_score": 0.9533047904181857,
        "test_score": 0.9343258117489185,
        "num_samples": 1823,
        "fit_time": 1704,
        "score_time": 637,
        "time": 2341,
        "parameters": {
            "max_depth": 13,
            "max_features": "auto",
            "min_samples_leaf": 1,
            "n_estimators": 100,
            "min_samples_split": 3
        },
        "done_at": 1706743107658,
        "split_id": 3
    },
    {
        "test_score_gib": 0.9317542183269761,
        "train_score": 0.9556568102884877,
        "test_score": 0.9317542183269761,
        "num_samples": 1823,
        "fit_time": 1480,
        "score_time": 161,
        "time": 1641,
        "parameters": {
            "max_depth": 13,
            "max_features": "auto",
            "min_samples_leaf": 1,
            "n_estimators": 100,
            "min_samples_split": 3
        },
        "done_at": 1706743107777,
        "split_id": 4
    }
]