{
    "startedAt": 1706743097477,
    "gridSize": 2,
    "nThreads": 4,
    "nSplits": 5,
    "metric": "ROC_AUC",
    "timeout": null,
    "gridPoints": [
        {
            "finishedAt": 1706743105313,
            "score": 0.82188196810548,
            "testScoreGibMean": 0.82188196810548,
            "testScoreMean": 0.82188196810548,
            "testScoreStd": 0.003704594153791242,
            "trainScoreMean": 0.8332511808911255,
            "trainScoreStd": 0.0024679233631307016,
            "time": 19328,
            "fitTimeMean": 3018.0,
            "fitTimeStd": 38.848423391432505,
            "scoreTimeMean": 847.6,
            "scoreTimeStd": 338.6777819698245,
            "parameters": {
                "max_depth": 6,
                "max_features": "auto",
                "min_samples_leaf": 1,
                "n_estimators": 100,
                "min_samples_split": 3
            }
        },
        {
            "finishedAt": 1706743107777,
            "score": 0.9343970068178198,
            "testScoreGibMean": 0.9343970068178198,
            "testScoreMean": 0.9343970068178198,
            "testScoreStd": 0.004097206048855118,
            "trainScoreMean": 0.954673290236716,
            "trainScoreStd": 0.0032033174225288385,
            "time": 18771,
            "fitTimeMean": 2828.0,
            "fitTimeStd": 1029.6451816038377,
            "scoreTimeMean": 926.2,
            "scoreTimeStd": 465.3563795630183,
            "parameters": {
                "max_depth": 13,
                "max_features": "auto",
                "min_samples_leaf": 1,
                "n_estimators": 100,
                "min_samples_split": 3
            }
        }
    ]
}