{
    "modelInputNRows": 9119,
    "modelInputNCols": 146,
    "modelInputIsSparse": false,
    "modelInputMemory": 10650992,
    "usedGridSearch": true,
    "gridSize": 2,
    "gridBestScore": 0.9343970068178198,
    "gridCells": [
        {
            "params": {
                "max_depth": 6,
                "max_features": "auto",
                "min_samples_leaf": 1,
                "n_estimators": 100,
                "min_samples_split": 3
            },
            "score": 0.82188196810548,
            "scoreStd": 0.003704594153791242,
            "fitTime": 3.018,
            "fitTimeStd": 0.038848423391432504,
            "scoreTime": 0.8476,
            "scoreTimeStd": 0.33867778196982445
        },
        {
            "params": {
                "max_depth": 13,
                "max_features": "auto",
                "min_samples_leaf": 1,
                "n_estimators": 100,
                "min_samples_split": 3
            },
            "score": 0.9343970068178198,
            "scoreStd": 0.004097206048855118,
            "fitTime": 2.828,
            "fitTimeStd": 1.0296451816038377,
            "scoreTime": 0.9262,
            "scoreTimeStd": 0.46535637956301834
        }
    ],
    "rawImportance": {
        "variables": [
            "tz_off",
            "br_width",
            "br_height",
            "sc_height",
            "sc_width",
            "dummy:server_ts:2014-03-28-14",
            "dummy:server_ts:2014-03-28-15",
            "dummy:server_ts:2014-03-31-08",
            "dummy:server_ts:2014-03-31-14",
            "dummy:server_ts:2014-03-31-09",
            "dummy:server_ts:2014-03-31-11",
            "dummy:server_ts:2014-03-17-16",
            "dummy:server_ts:2014-03-23-20",
            "dummy:server_ts:2014-03-26-09",
            "dummy:server_ts:2014-03-03-15",
            "dummy:server_ts:2014-03-26-16",
            "dummy:server_ts:2014-03-25-13",
            "dummy:server_ts:2014-03-31-07",
            "dummy:server_ts:2014-03-29-13",
            "dummy:server_ts:2014-03-24-16",
            "dummy:server_ts:2014-03-21-10",
            "dummy:server_ts:2014-03-28-19",
            "dummy:server_ts:2014-03-04-13",
            "dummy:server_ts:2014-03-21-17",
            "dummy:server_ts:2014-03-14-11",
            "dummy:server_ts:2014-03-31-06",
            "dummy:server_ts:2014-03-18-12",
            "dummy:server_ts:2014-03-28-20",
            "dummy:server_ts:2014-03-05-12",
            "dummy:server_ts:2014-03-04-09",
            "dummy:server_ts:2014-03-26-13",
            "dummy:server_ts:2014-03-28-13",
            "dummy:server_ts:2014-03-03-08",
            "dummy:server_ts:2014-03-31-20",
            "dummy:server_ts:2014-03-11-12",
            "dummy:server_ts:2014-03-12-17",
            "dummy:server_ts:2014-03-03-14",
            "dummy:server_ts:2014-03-18-09",
            "dummy:server_ts:2014-03-28-12",
            "dummy:server_ts:2014-03-07-17",
            "dummy:server_ts:2014-03-27-12",
            "dummy:server_ts:2014-03-22-08",
            "dummy:server_ts:2014-03-31-12",
            "dummy:server_ts:2014-03-05-04",
            "dummy:server_ts:2014-03-12-16",
            "dummy:server_ts:2014-03-31-13",
            "dummy:server_ts:2014-03-28-17",
            "dummy:server_ts:2014-03-04-17",
            "dummy:server_ts:2014-03-31-15",
            "dummy:server_ts:2014-03-13-17",
            "dummy:server_ts:2014-03-24-12",
            "dummy:server_ts:2014-03-07-08",
            "dummy:server_ts:2014-03-30-21",
            "dummy:server_ts:2014-03-07-07",
            "dummy:server_ts:2014-03-04-10",
            "dummy:server_ts:2014-03-21-21",
            "dummy:server_ts:2014-03-18-19",
            "dummy:server_ts:2014-03-28-16",
            "dummy:server_ts:2014-03-06-16",
            "dummy:server_ts:2014-03-10-20",
            "dummy:server_ts:2014-03-25-16",
            "dummy:server_ts:2014-03-07-09",
            "dummy:server_ts:2014-03-17-17",
            "dummy:server_ts:2014-03-12-21",
            "dummy:server_ts:2014-03-03-11",
            "dummy:server_ts:2014-03-06-09",
            "dummy:server_ts:2014-03-08-16",
            "dummy:server_ts:2014-03-28-09",
            "dummy:server_ts:2014-03-21-14",
            "dummy:server_ts:2014-03-29-12",
            "dummy:server_ts:2014-03-31-18",
            "dummy:server_ts:2014-03-16-18",
            "dummy:server_ts:2014-03-03-10",
            "dummy:server_ts:2014-03-26-14",
            "dummy:server_ts:2014-03-05-11",
            "dummy:server_ts:2014-03-12-12",
            "dummy:server_ts:2014-03-05-15",
            "dummy:server_ts:2014-03-26-15",
            "dummy:server_ts:2014-03-14-21",
            "dummy:server_ts:2014-03-20-20",
            "dummy:server_ts:2014-03-04-12",
            "dummy:server_ts:2014-03-25-10",
            "dummy:server_ts:2014-03-17-13",
            "dummy:server_ts:2014-03-12-14",
            "dummy:server_ts:2014-03-13-12",
            "dummy:server_ts:2014-03-28-18",
            "dummy:server_ts:2014-03-04-11",
            "dummy:server_ts:2014-03-25-12",
            "dummy:server_ts:2014-03-30-12",
            "dummy:server_ts:2014-03-31-17",
            "dummy:server_ts:2014-03-25-15",
            "dummy:server_ts:2014-03-21-08",
            "dummy:server_ts:2014-03-27-15",
            "dummy:server_ts:2014-03-27-09",
            "dummy:server_ts:2014-03-28-23",
            "dummy:server_ts:2014-03-06-18",
            "dummy:server_ts:2014-03-17-15",
            "dummy:server_ts:2014-03-17-11",
            "dummy:server_ts:2014-03-03-09",
            "dummy:server_ts:2014-03-29-01",
            "dummy:server_ts:2014-03-27-13",
            "dummy:server_ts:2014-03-24-20",
            "dummy:server_ts:2014-03-09-13",
            "dummy:server_ts:2014-03-14-07",
            "dummy:server_ts:2014-03-29-23",
            "dummy:server_ts:2014-03-13-08",
            "dummy:server_ts:__Others__",
            "dummy:referer:dataiku",
            "dummy:referer:google",
            "dummy:referer:other",
            "dummy:referer:journaldunet",
            "dummy:referer:kdnuggets",
            "dummy:referer:strata",
            "dummy:referer:linkedin",
            "dummy:referer:kaggle",
            "dummy:referer:bananadata",
            "dummy:referer:datatau",
            "dummy:referer:bing",
            "dummy:referer:agoranov",
            "dummy:referer:datajob2013",
            "dummy:referer:practicalquant",
            "dummy:br_lang:fr",
            "dummy:br_lang:en",
            "dummy:br_lang:ru",
            "dummy:br_lang:de",
            "dummy:br_lang:pt",
            "dummy:br_lang:es",
            "dummy:br_lang:zh",
            "dummy:br_lang:ja",
            "dummy:br_lang:other",
            "dummy:br_lang:pl",
            "dummy:br_lang:ca",
            "dummy:br_lang:tr",
            "dummy:br_lang:nl",
            "dummy:br_lang:da",
            "dummy:user_agent:windows",
            "dummy:user_agent:macintosh",
            "dummy:user_agent:linux",
            "dummy:user_agent:other"
        ],
        "importances": [
            0.06661108767996791,
            0.08376723874556635,
            0.13240576679622218,
            0.053803181829011164,
            0.05091974515087298,
            0.0070369880217080235,
            0.0036172486337497007,
            0.009270018420808846,
            0.0035205569284909627,
            0.0012490483900342597,
            0.00939185786067797,
            0.0016090972656944186,
            0.0018559795051459336,
            0.00238927020129412,
            0.0006419264139246891,
            0.0029736825858950205,
            0.005373076086285218,
            0.0011577841255541507,
            0.004677613590269882,
            0.0023750594583649186,
            0.0008506235094999073,
            0.0019055570036662314,
            0.0034654477532279665,
            0.0017191612822814468,
            0.0014936462094054647,
            0.0015695916380155906,
            0.005827840816748804,
            0.0009897652594674702,
            0.0054775197401614704,
            0.006381952486157754,
            0.0009713641029380965,
            0.0002689614521139811,
            0.0006284540747325694,
            0.0008882195836229285,
            0.002156465640531904,
            0.0013572372044350603,
            0.0006677625049993709,
            0.0025338548479638327,
            0.003569823660416088,
            0.005256724993212121,
            0.0008709727263526132,
            0.004042062554625857,
            0.0008614787424510975,
            0.006049208034155822,
            0.0013368033595726676,
            0.001004087645840638,
            0.0005950929365423509,
            0.0017610077263344342,
            0.003193466660571623,
            0.0007336035131788783,
            0.005395429916046445,
            0.0011817401362448792,
            0.0029684978304502633,
            0.0008520270816269143,
            0.0007073556364978907,
            0.0029853840144652166,
            0.0022172312960789995,
            0.0019210457409567206,
            0.0006052270229915567,
            0.005128083950345384,
            0.0029020397078468305,
            0.002719257025092427,
            0.001026173053750632,
            0.0004085243804928372,
            0.00047464517700874213,
            0.0009300840205560749,
            0.0030409399342495214,
            0.0005218800328670045,
            0.0011820072389202051,
            0.00260116087846631,
            0.0014749263552689615,
            0.0023473590377457343,
            0.00042676845265960495,
            0.001743927033104703,
            0.0010160241874806208,
            0.0030154607855847277,
            0.001990417170537184,
            0.0007748082742341863,
            0.002525334012416041,
            0.0040434333098498644,
            0.00027949407361707883,
            0.0008127545657356062,
            0.0003401104873460849,
            0.0022762312591540126,
            0.0004425916779784797,
            0.0010764111643023638,
            0.0010341771532160718,
            0.0016400438019328711,
            0.0005600020782866104,
            0.0012935579014189296,
            0.0011483569881702022,
            0.004275270974982826,
            0.0003297125429127167,
            0.001052214945457993,
            0.002061804739186819,
            0.001659499017043278,
            0.00040359399667009243,
            0.0017208150803935984,
            0.0003671978767848923,
            0.0007449576539515165,
            0.000371363598257063,
            0.0010280814116736998,
            0.0013616456532136243,
            0.001102454765127231,
            0.002534102271973991,
            0.00048569099302153836,
            0.17101054682113773,
            0.06471849035904884,
            0.0222544192771493,
            0.010750452789400336,
            0.0022777732423892726,
            0.0017303182675299624,
            0.0013546237960351257,
            0.0013853099208586534,
            0.0005325518467855872,
            0.0006857366192971105,
            0.0005268058596842009,
            0.0003927856817842875,
            9.4098406703099e-05,
            0.0002946401432258002,
            0.0005533478434146387,
            0.020512061359066736,
            0.02137330927471429,
            0.010229840768309146,
            0.00941420663745587,
            0.0024942730889333286,
            0.0019339291942565972,
            0.0025316080805959044,
            0.0024429445078213243,
            0.0007227956980795727,
            0.0002051794404463277,
            7.320736115318745e-05,
            0.00039533532583400916,
            0.00017025116666754446,
            0.00018838436690891573,
            0.015479615755506554,
            0.015514520513907915,
            0.009604478398330103,
            0.0055488434691603325
        ]
    },
    "probaAware": true
}