{
    "metrics": {},
    "processed_feature_names": [
        "tz_off",
        "br_width",
        "br_height",
        "sc_height",
        "sc_width",
        "dummy:server_ts:2014-03-28-14",
        "dummy:server_ts:2014-03-28-15",
        "dummy:server_ts:2014-03-31-08",
        "dummy:server_ts:2014-03-31-14",
        "dummy:server_ts:2014-03-31-09",
        "dummy:server_ts:2014-03-31-11",
        "dummy:server_ts:2014-03-17-16",
        "dummy:server_ts:2014-03-23-20",
        "dummy:server_ts:2014-03-26-09",
        "dummy:server_ts:2014-03-03-15",
        "dummy:server_ts:2014-03-26-16",
        "dummy:server_ts:2014-03-25-13",
        "dummy:server_ts:2014-03-31-07",
        "dummy:server_ts:2014-03-29-13",
        "dummy:server_ts:2014-03-24-16",
        "dummy:server_ts:2014-03-21-10",
        "dummy:server_ts:2014-03-28-19",
        "dummy:server_ts:2014-03-04-13",
        "dummy:server_ts:2014-03-21-17",
        "dummy:server_ts:2014-03-14-11",
        "dummy:server_ts:2014-03-31-06",
        "dummy:server_ts:2014-03-18-12",
        "dummy:server_ts:2014-03-28-20",
        "dummy:server_ts:2014-03-05-12",
        "dummy:server_ts:2014-03-04-09",
        "dummy:server_ts:2014-03-26-13",
        "dummy:server_ts:2014-03-28-13",
        "dummy:server_ts:2014-03-03-08",
        "dummy:server_ts:2014-03-31-20",
        "dummy:server_ts:2014-03-11-12",
        "dummy:server_ts:2014-03-12-17",
        "dummy:server_ts:2014-03-03-14",
        "dummy:server_ts:2014-03-18-09",
        "dummy:server_ts:2014-03-28-12",
        "dummy:server_ts:2014-03-07-17",
        "dummy:server_ts:2014-03-27-12",
        "dummy:server_ts:2014-03-22-08",
        "dummy:server_ts:2014-03-31-12",
        "dummy:server_ts:2014-03-05-04",
        "dummy:server_ts:2014-03-12-16",
        "dummy:server_ts:2014-03-31-13",
        "dummy:server_ts:2014-03-28-17",
        "dummy:server_ts:2014-03-04-17",
        "dummy:server_ts:2014-03-31-15",
        "dummy:server_ts:2014-03-13-17",
        "dummy:server_ts:2014-03-24-12",
        "dummy:server_ts:2014-03-07-08",
        "dummy:server_ts:2014-03-30-21",
        "dummy:server_ts:2014-03-07-07",
        "dummy:server_ts:2014-03-04-10",
        "dummy:server_ts:2014-03-21-21",
        "dummy:server_ts:2014-03-18-19",
        "dummy:server_ts:2014-03-28-16",
        "dummy:server_ts:2014-03-06-16",
        "dummy:server_ts:2014-03-10-20",
        "dummy:server_ts:2014-03-25-16",
        "dummy:server_ts:2014-03-07-09",
        "dummy:server_ts:2014-03-17-17",
        "dummy:server_ts:2014-03-12-21",
        "dummy:server_ts:2014-03-03-11",
        "dummy:server_ts:2014-03-06-09",
        "dummy:server_ts:2014-03-08-16",
        "dummy:server_ts:2014-03-28-09",
        "dummy:server_ts:2014-03-21-14",
        "dummy:server_ts:2014-03-29-12",
        "dummy:server_ts:2014-03-31-18",
        "dummy:server_ts:2014-03-16-18",
        "dummy:server_ts:2014-03-03-10",
        "dummy:server_ts:2014-03-26-14",
        "dummy:server_ts:2014-03-05-11",
        "dummy:server_ts:2014-03-12-12",
        "dummy:server_ts:2014-03-05-15",
        "dummy:server_ts:2014-03-26-15",
        "dummy:server_ts:2014-03-14-21",
        "dummy:server_ts:2014-03-20-20",
        "dummy:server_ts:2014-03-04-12",
        "dummy:server_ts:2014-03-25-10",
        "dummy:server_ts:2014-03-17-13",
        "dummy:server_ts:2014-03-12-14",
        "dummy:server_ts:2014-03-13-12",
        "dummy:server_ts:2014-03-28-18",
        "dummy:server_ts:2014-03-04-11",
        "dummy:server_ts:2014-03-25-12",
        "dummy:server_ts:2014-03-30-12",
        "dummy:server_ts:2014-03-31-17",
        "dummy:server_ts:2014-03-25-15",
        "dummy:server_ts:2014-03-21-08",
        "dummy:server_ts:2014-03-27-15",
        "dummy:server_ts:2014-03-27-09",
        "dummy:server_ts:2014-03-28-23",
        "dummy:server_ts:2014-03-06-18",
        "dummy:server_ts:2014-03-17-15",
        "dummy:server_ts:2014-03-17-11",
        "dummy:server_ts:2014-03-03-09",
        "dummy:server_ts:2014-03-29-01",
        "dummy:server_ts:2014-03-27-13",
        "dummy:server_ts:2014-03-24-20",
        "dummy:server_ts:2014-03-09-13",
        "dummy:server_ts:2014-03-14-07",
        "dummy:server_ts:2014-03-29-23",
        "dummy:server_ts:2014-03-13-08",
        "dummy:server_ts:N/A",
        "dummy:server_ts:__Others__",
        "dummy:referer:dataiku",
        "dummy:referer:google",
        "dummy:referer:other",
        "dummy:referer:journaldunet",
        "dummy:referer:kdnuggets",
        "dummy:referer:strata",
        "dummy:referer:linkedin",
        "dummy:referer:kaggle",
        "dummy:referer:bananadata",
        "dummy:referer:datatau",
        "dummy:referer:bing",
        "dummy:referer:agoranov",
        "dummy:referer:datajob2013",
        "dummy:referer:practicalquant",
        "dummy:referer:N/A",
        "dummy:referer:__Others__",
        "dummy:br_lang:fr",
        "dummy:br_lang:en",
        "dummy:br_lang:ru",
        "dummy:br_lang:de",
        "dummy:br_lang:pt",
        "dummy:br_lang:es",
        "dummy:br_lang:zh",
        "dummy:br_lang:ja",
        "dummy:br_lang:other",
        "dummy:br_lang:pl",
        "dummy:br_lang:ca",
        "dummy:br_lang:tr",
        "dummy:br_lang:nl",
        "dummy:br_lang:da",
        "dummy:br_lang:N/A",
        "dummy:br_lang:__Others__",
        "dummy:user_agent:windows",
        "dummy:user_agent:macintosh",
        "dummy:user_agent:linux",
        "dummy:user_agent:other",
        "dummy:user_agent:N/A",
        "dummy:user_agent:__Others__"
    ],
    "optimalThreshold": 0.575,
    "usedThreshold": 0.575,
    "perCutData": {
        "cut": [
            0.0,
            0.025,
            0.05,
            0.075,
            0.1,
            0.125,
            0.15,
            0.175,
            0.2,
            0.225,
            0.25,
            0.275,
            0.3,
            0.325,
            0.35,
            0.375,
            0.4,
            0.425,
            0.45,
            0.475,
            0.5,
            0.525,
            0.55,
            0.575,
            0.6,
            0.625,
            0.65,
            0.675,
            0.7,
            0.725,
            0.75,
            0.775,
            0.8,
            0.825,
            0.85,
            0.875,
            0.9,
            0.925,
            0.95,
            0.975
        ],
        "tp": [
            799,
            799,
            799,
            799,
            799,
            799,
            798,
            798,
            798,
            798,
            797,
            793,
            788,
            785,
            783,
            772,
            759,
            748,
            735,
            714,
            678,
            661,
            643,
            609,
            571,
            522,
            459,
            397,
            297,
            231,
            164,
            118,
            72,
            54,
            32,
            16,
            10,
            10,
            0,
            0
        ],
        "tn": [
            0,
            0,
            5,
            17,
            56,
            102,
            156,
            232,
            304,
            356,
            438,
            508,
            598,
            691,
            788,
            872,
            933,
            1029,
            1092,
            1154,
            1211,
            1269,
            1323,
            1375,
            1424,
            1454,
            1483,
            1495,
            1495,
            1496,
            1496,
            1497,
            1498,
            1498,
            1498,
            1498,
            1498,
            1498,
            1498,
            1498
        ],
        "fp": [
            1498,
            1498,
            1493,
            1481,
            1442,
            1396,
            1342,
            1266,
            1194,
            1142,
            1060,
            990,
            900,
            807,
            710,
            626,
            565,
            469,
            406,
            344,
            287,
            229,
            175,
            123,
            74,
            44,
            15,
            3,
            3,
            2,
            2,
            1,
            0,
            0,
            0,
            0,
            0,
            0,
            0,
            0
        ],
        "fn": [
            0,
            0,
            0,
            0,
            0,
            0,
            1,
            1,
            1,
            1,
            2,
            6,
            11,
            14,
            16,
            27,
            40,
            51,
            64,
            85,
            121,
            138,
            156,
            190,
            228,
            277,
            340,
            402,
            502,
            568,
            635,
            681,
            727,
            745,
            767,
            783,
            789,
            789,
            799,
            799
        ],
        "precision": [
            0.347845015237266,
            0.347845015237266,
            0.3486038394415358,
            0.35043859649122805,
            0.356537260151718,
            0.3640091116173121,
            0.3728971962616822,
            0.3866279069767442,
            0.4006024096385542,
            0.411340206185567,
            0.4291868605277329,
            0.44475602916432977,
            0.466824644549763,
            0.49309045226130654,
            0.5244474212993971,
            0.5522174535050072,
            0.573262839879154,
            0.6146261298274446,
            0.6441717791411042,
            0.6748582230623819,
            0.7025906735751295,
            0.7426966292134831,
            0.7860635696821516,
            0.8319672131147541,
            0.8852713178294573,
            0.9222614840989399,
            0.9683544303797469,
            0.9925,
            0.99,
            0.9914163090128756,
            0.9879518072289156,
            0.9915966386554622,
            1.0,
            1.0,
            1.0,
            1.0,
            1.0,
            1.0,
            0.0,
            0.0
        ],
        "recall": [
            1.0,
            1.0,
            1.0,
            1.0,
            1.0,
            1.0,
            0.9987484355444305,
            0.9987484355444305,
            0.9987484355444305,
            0.9987484355444305,
            0.9974968710888611,
            0.9924906132665833,
            0.986232790988736,
            0.9824780976220275,
            0.9799749687108886,
            0.9662077596996246,
            0.9499374217772215,
            0.9361702127659575,
            0.9198998748435544,
            0.8936170212765957,
            0.8485607008760951,
            0.8272841051314143,
            0.804755944931164,
            0.7622027534418022,
            0.7146433041301627,
            0.6533166458072591,
            0.574468085106383,
            0.49687108886107634,
            0.3717146433041302,
            0.28911138923654567,
            0.20525657071339173,
            0.1476846057571965,
            0.09011264080100125,
            0.06758448060075094,
            0.04005006257822278,
            0.02002503128911139,
            0.012515644555694618,
            0.012515644555694618,
            0.0,
            0.0
        ],
        "accuracy": [
            0.347845015237266,
            0.347845015237266,
            0.3500217675228559,
            0.35524597300827165,
            0.37222464083587287,
            0.39225076186329993,
            0.4153243360905529,
            0.4484109708315194,
            0.47975620374401395,
            0.5023944275141489,
            0.5376578145407053,
            0.5663909447104919,
            0.6033957335655202,
            0.6425772747061385,
            0.6839355681323466,
            0.7157161515019591,
            0.7366129734436221,
            0.7736177622986504,
            0.7953852851545494,
            0.8132346538963866,
            0.8223770134958641,
            0.8402263822377013,
            0.8558989986939486,
            0.8637353069220722,
            0.8685241619503701,
            0.8602525032651285,
            0.8454505877231171,
            0.8236830648672181,
            0.7801480191554201,
            0.7518502394427514,
            0.7226817588158467,
            0.7030909882455376,
            0.6835002176752285,
            0.675663909447105,
            0.6660861993905094,
            0.6591205920766217,
            0.6565084893339138,
            0.6565084893339138,
            0.652154984762734,
            0.652154984762734
        ],
        "f1": [
            0.5161498708010336,
            0.5161498708010336,
            0.5169847945648657,
            0.5189996752192271,
            0.5256578947368421,
            0.5337341349365398,
            0.5430418509697176,
            0.5574572127139364,
            0.5718380508778216,
            0.5826944140197151,
            0.6001506024096385,
            0.6142525174283502,
            0.6336952151186168,
            0.656629025512338,
            0.6832460732984293,
            0.702776513427401,
            0.7150259067357513,
            0.7420634920634921,
            0.7577319587628866,
            0.7689822294022617,
            0.7687074829931972,
            0.7827116637063349,
            0.795299938157081,
            0.7955584585238406,
            0.7908587257617729,
            0.7648351648351649,
            0.7211311861743913,
            0.6622185154295246,
            0.54049135577798,
            0.4476744186046512,
            0.3398963730569948,
            0.2570806100217865,
            0.16532721010332949,
            0.12661195779601409,
            0.07701564380264742,
            0.03926380368098159,
            0.024721878862793572,
            0.024721878862793572,
            0.0,
            0.0
        ],
        "mcc": [
            0.0,
            0.0,
            0.03411105710901641,
            0.06306298449633799,
            0.11544910439932515,
            0.1574346440468937,
            0.1941933262040142,
            0.24235320796779217,
            0.28308038954211556,
            0.31077014422878013,
            0.3508531119301724,
            0.37896486610935975,
            0.41589326287040773,
            0.45825917583581666,
            0.5052777733966962,
            0.535091146155814,
            0.5520870060132952,
            0.5945935487913236,
            0.6181110139995738,
            0.6344598926138031,
            0.6339577743191892,
            0.6593462963246055,
            0.6842503458675206,
            0.6951604644838614,
            0.7050589866149537,
            0.6896333627384978,
            0.6643178331144075,
            0.6215203804007488,
            0.522568409337628,
            0.4539954258575425,
            0.37509947250818393,
            0.31593270004583895,
            0.246310971731794,
            0.21245392560213164,
            0.16275090155452704,
            0.11467793544602461,
            0.09054186474622122,
            0.09054186474622122,
            0.0,
            0.0
        ],
        "hammingLoss": [
            0.6521549847627339,
            0.6521549847627339,
            0.6499782324771441,
            0.6447540269917283,
            0.6277753591641271,
            0.6077492381367,
            0.584675663909447,
            0.5515890291684806,
            0.520243796255986,
            0.49760557248585113,
            0.46234218545929473,
            0.4336090552895081,
            0.39660426643447977,
            0.35742272529386154,
            0.31606443186765343,
            0.2842838484980409,
            0.2633870265563779,
            0.22638223770134958,
            0.20461471484545057,
            0.1867653461036134,
            0.17762298650413588,
            0.1597736177622987,
            0.1441010013060514,
            0.13626469307792777,
            0.13147583804962992,
            0.13974749673487152,
            0.1545494122768829,
            0.1763169351327819,
            0.2198519808445799,
            0.24814976055724858,
            0.27731824118415327,
            0.2969090117544624,
            0.3164997823247715,
            0.32433609055289503,
            0.3339138006094906,
            0.34087940792337834,
            0.3434915106660862,
            0.3434915106660862,
            0.34784501523726596,
            0.34784501523726596
        ],
        "assertionsMetrics": [],
        "overridesMetrics": []
    },
    "tiMetrics": {
        "auc": 0.9307320064633529,
        "logLoss": 0.45549829380506507,
        "lift": 2.0950657275843168,
        "averagePrecision": 0.9000680553659584,
        "calibrationLoss": 0.205563555857354
    },
    "probaPercentiles": [
        0.07953737081904147,
        0.09517213881288983,
        0.1074259496755452,
        0.12165052464556624,
        0.1307377358006133,
        0.14016118921704765,
        0.15174749738895218,
        0.16145579208787766,
        0.17023203652571503,
        0.17459754461062288,
        0.18168189069784,
        0.19160148204352706,
        0.19600693392481155,
        0.2096528982506423,
        0.21916787199711107,
        0.2274267858423103,
        0.23542321320671114,
        0.24330601603737306,
        0.24934797198062475,
        0.2594343058319798,
        0.26420027258249984,
        0.2714233999098657,
        0.2809141681275312,
        0.2862330449859176,
        0.2908871878323026,
        0.2966884053854374,
        0.3021728044472688,
        0.308408470387801,
        0.31707518286814174,
        0.3214939214763528,
        0.3271082395345233,
        0.3358765070570875,
        0.34053628618188636,
        0.34460600396493474,
        0.35021236476324835,
        0.35649984776644666,
        0.360966383894452,
        0.36808666505200327,
        0.37442690457462724,
        0.3858163695664085,
        0.390222348863859,
        0.396064935514603,
        0.4011085885582756,
        0.4064585114931114,
        0.4118441017309957,
        0.4182826853385939,
        0.4249339720005351,
        0.4336497769857963,
        0.4420818410554093,
        0.4480746529651056,
        0.4558796168529927,
        0.4603227627864175,
        0.46684466766330157,
        0.475978923479237,
        0.4810681429665399,
        0.48567150412621796,
        0.4933258328410486,
        0.5000507142013474,
        0.5081617989567573,
        0.5163291751959665,
        0.5240227606717269,
        0.5308726500722303,
        0.5400034935896929,
        0.5454297417122551,
        0.553677678280027,
        0.5602363835436359,
        0.5683483498552462,
        0.5744335373499508,
        0.5848260678739421,
        0.5920855831459253,
        0.5960378644420036,
        0.6007892291783616,
        0.606563813276023,
        0.6142333932865414,
        0.6194029645342415,
        0.6299578508970262,
        0.6402248566453572,
        0.6443156699153819,
        0.6497116603585475,
        0.6524189788648593,
        0.6582750102464032,
        0.6680452811985652,
        0.6778664450194997,
        0.6811700028942366,
        0.6920440097568661,
        0.6958599325997972,
        0.7000857314550799,
        0.7085281199857255,
        0.7200968848611398,
        0.7263055053430894,
        0.7334222378352364,
        0.7406934204470428,
        0.7523504673270064,
        0.7646810894283071,
        0.7770561953872945,
        0.7828676044327689,
        0.8133288386936485,
        0.8341941443627607,
        0.8504897212484448
    ],
    "rocVizData": [
        [
            {
                "x": 0.0,
                "y": 0.0,
                "p": 1.9256635864039482
            },
            {
                "x": 0.0,
                "y": 0.060075093867334166,
                "p": 0.8341941443627607
            },
            {
                "x": 0.0006675567423230974,
                "y": 0.1113892365456821,
                "p": 0.7883348793329474
            },
            {
                "x": 0.0006675567423230974,
                "y": 0.16270337922403003,
                "p": 0.7712188387592228
            },
            {
                "x": 0.0013351134846461949,
                "y": 0.21526908635794745,
                "p": 0.7462597583957259
            },
            {
                "x": 0.0013351134846461949,
                "y": 0.2665832290362954,
                "p": 0.732779948574771
            },
            {
                "x": 0.0020026702269692926,
                "y": 0.31789737171464333,
                "p": 0.7171041271919546
            },
            {
                "x": 0.0020026702269692926,
                "y": 0.3717146433041302,
                "p": 0.7000857314550799
            },
            {
                "x": 0.0020026702269692926,
                "y": 0.42803504380475593,
                "p": 0.6926083373911677
            },
            {
                "x": 0.0020026702269692926,
                "y": 0.48435544430538174,
                "p": 0.6794927034913849
            },
            {
                "x": 0.007343124165554072,
                "y": 0.5306633291614519,
                "p": 0.6610901971270738
            },
            {
                "x": 0.010013351134846462,
                "y": 0.5794743429286608,
                "p": 0.6499888695178386
            },
            {
                "x": 0.017356475300400534,
                "y": 0.6245306633291614,
                "p": 0.6423065031250259
            },
            {
                "x": 0.03204272363150868,
                "y": 0.6633291614518148,
                "p": 0.6194029645342415
            },
            {
                "x": 0.04739652870493992,
                "y": 0.6996245306633292,
                "p": 0.6043455610435806
            },
            {
                "x": 0.05874499332443257,
                "y": 0.7384230287859824,
                "p": 0.5942484051608605
            },
            {
                "x": 0.08544726301735647,
                "y": 0.7659574468085106,
                "p": 0.5728105226663716
            },
            {
                "x": 0.11014686248331108,
                "y": 0.7947434292866082,
                "p": 0.5544497559055764
            },
            {
                "x": 0.13618157543391188,
                "y": 0.8197747183979975,
                "p": 0.5356794289169234
            },
            {
                "x": 0.16889185580774366,
                "y": 0.83729662077597,
                "p": 0.5163291751959665
            },
            {
                "x": 0.20160213618157544,
                "y": 0.8548185231539425,
                "p": 0.49388897784197183
            },
            {
                "x": 0.22296395193591456,
                "y": 0.8848560700876095,
                "p": 0.480440219008927
            },
            {
                "x": 0.25166889185580776,
                "y": 0.9073842302878599,
                "p": 0.4615004930295206
            },
            {
                "x": 0.27970627503337786,
                "y": 0.9299123904881101,
                "p": 0.4434155255958294
            },
            {
                "x": 0.32242990654205606,
                "y": 0.9424280350438048,
                "p": 0.4197925861997194
            },
            {
                "x": 0.3671562082777036,
                "y": 0.9499374217772215,
                "p": 0.40129627978178867
            },
            {
                "x": 0.40654205607476634,
                "y": 0.9612015018773467,
                "p": 0.38622115647666744
            },
            {
                "x": 0.4425901201602136,
                "y": 0.9762202753441802,
                "p": 0.36290580350142326
            },
            {
                "x": 0.49132176234979974,
                "y": 0.9799749687108886,
                "p": 0.3444569403281828
            },
            {
                "x": 0.540720961281709,
                "y": 0.9824780976220275,
                "p": 0.3238870686273981
            },
            {
                "x": 0.5881174899866488,
                "y": 0.986232790988736,
                "p": 0.3036027866310849
            },
            {
                "x": 0.636849132176235,
                "y": 0.9899874843554443,
                "p": 0.28697694200040547
            },
            {
                "x": 0.6829105473965287,
                "y": 0.9962453066332916,
                "p": 0.2633214177033895
            },
            {
                "x": 0.7323097463284379,
                "y": 0.9974968710888611,
                "p": 0.24148756721544454
            },
            {
                "x": 0.7843791722296395,
                "y": 0.9987484355444305,
                "p": 0.20997406156280016
            },
            {
                "x": 0.835113484646195,
                "y": 0.9987484355444305,
                "p": 0.18063161968664507
            },
            {
                "x": 0.8851802403204272,
                "y": 0.9987484355444305,
                "p": 0.156872795146596
            },
            {
                "x": 0.9352469959946595,
                "y": 1.0,
                "p": 0.12336816490399773
            },
            {
                "x": 0.986648865153538,
                "y": 1.0,
                "p": 0.07593641033113933
            },
            {
                "x": 1.0,
                "y": 1.0,
                "p": 0.03503003681574422
            }
        ]
    ],
    "liftVizData": {
        "bins": [
            {
                "bin_pos_prop": 0.9912280702,
                "bin_lift": 2.8496256285,
                "cum_lift": 0.282853567,
                "cum_size": 0.0992599042,
                "bin_min": 0.7263055053,
                "bin_max": 0.9256635864,
                "percentile_idx": 0
            },
            {
                "bin_pos_prop": 0.9437229437,
                "bin_lift": 2.7130558219,
                "cum_lift": 0.5556946183,
                "cum_size": 0.1998258598,
                "bin_min": 0.6524189789,
                "bin_max": 0.7263055053,
                "percentile_idx": 1
            },
            {
                "bin_pos_prop": 0.6419213974,
                "bin_lift": 1.8454235917,
                "cum_lift": 0.7396745932,
                "cum_size": 0.2995211145,
                "bin_min": 0.5920855831,
                "bin_max": 0.6524189789,
                "percentile_idx": 2
            },
            {
                "bin_pos_prop": 0.3391304348,
                "bin_lift": 0.9749469446,
                "cum_lift": 0.8372966208,
                "cum_size": 0.3996517196,
                "bin_min": 0.5163291752,
                "bin_max": 0.5920855831,
                "percentile_idx": 3
            },
            {
                "bin_pos_prop": 0.3,
                "bin_lift": 0.8624530663,
                "cum_lift": 0.9236545682,
                "cum_size": 0.4997823248,
                "bin_min": 0.448074653,
                "bin_max": 0.5163291752,
                "percentile_idx": 4
            },
            {
                "bin_pos_prop": 0.1304347826,
                "bin_lift": 0.3749795941,
                "cum_lift": 0.9612015019,
                "cum_size": 0.5999129299,
                "bin_min": 0.3858163696,
                "bin_max": 0.448074653,
                "percentile_idx": 5
            },
            {
                "bin_pos_prop": 0.0739130435,
                "bin_lift": 0.2124884366,
                "cum_lift": 0.9824780976,
                "cum_size": 0.700043535,
                "bin_min": 0.3214939215,
                "bin_max": 0.3858163696,
                "percentile_idx": 6
            },
            {
                "bin_pos_prop": 0.0480349345,
                "bin_lift": 0.1380929218,
                "cum_lift": 0.9962453066,
                "cum_size": 0.7997387897,
                "bin_min": 0.2594343058,
                "bin_max": 0.3214939215,
                "percentile_idx": 7
            },
            {
                "bin_pos_prop": 0.0087336245,
                "bin_lift": 0.025107804,
                "cum_lift": 0.9987484355,
                "cum_size": 0.8994340444,
                "bin_min": 0.1745975446,
                "bin_max": 0.2594343058,
                "percentile_idx": 8
            },
            {
                "bin_pos_prop": 0.0043290043,
                "bin_lift": 0.0124452102,
                "cum_lift": 1.0,
                "cum_size": 1.0,
                "bin_min": 0.0350300368,
                "bin_max": 0.1745975446,
                "percentile_idx": 9
            }
        ],
        "wizard": {
            "positives": 799,
            "total": 2297
        }
    },
    "prVizData": [
        {
            "bins": [
                {
                    "x": 1.0,
                    "y": 0.36500685244403835,
                    "p": 0.12717338881307808
                },
                {
                    "x": 0.9987484355444305,
                    "y": 0.4139004149377593,
                    "p": 0.227784388035031
                },
                {
                    "x": 0.9899874843554443,
                    "y": 0.4527761877504293,
                    "p": 0.2862020492769807
                },
                {
                    "x": 0.9824780976220275,
                    "y": 0.4937106918238994,
                    "p": 0.3256843374898284
                },
                {
                    "x": 0.9762202753441802,
                    "y": 0.5371900826446281,
                    "p": 0.35971714041282965
                },
                {
                    "x": 0.9574468085106383,
                    "y": 0.5641592920353983,
                    "p": 0.3902080441762421
                },
                {
                    "x": 0.9474342928660826,
                    "y": 0.6012708498808578,
                    "p": 0.4121687522440621
                },
                {
                    "x": 0.932415519399249,
                    "y": 0.6324278438030561,
                    "p": 0.44061788645640526
                },
                {
                    "x": 0.9086357947434293,
                    "y": 0.6552346570397112,
                    "p": 0.45917121114095266
                },
                {
                    "x": 0.886107634543179,
                    "y": 0.6775119617224881,
                    "p": 0.4796133483617577
                },
                {
                    "x": 0.8573216520650814,
                    "y": 0.6926188068756319,
                    "p": 0.4930490390166444
                },
                {
                    "x": 0.8385481852315394,
                    "y": 0.7204301075268817,
                    "p": 0.5130434126159092
                },
                {
                    "x": 0.8260325406758448,
                    "y": 0.7551487414187643,
                    "p": 0.5307316470466492
                },
                {
                    "x": 0.8097622027534418,
                    "y": 0.7851941747572816,
                    "p": 0.547490339604552
                },
                {
                    "x": 0.7847309136420526,
                    "y": 0.8059125964010283,
                    "p": 0.5616136199376208
                },
                {
                    "x": 0.7622027534418022,
                    "y": 0.8308321964529332,
                    "p": 0.574898058445952
                },
                {
                    "x": 0.7396745932415519,
                    "y": 0.8552821997105644,
                    "p": 0.5920855831459253
                },
                {
                    "x": 0.718397997496871,
                    "y": 0.8817204301075269,
                    "p": 0.5987869931298956
                },
                {
                    "x": 0.6958698372966208,
                    "y": 0.9070146818923328,
                    "p": 0.6106011063562959
                },
                {
                    "x": 0.6583229036295369,
                    "y": 0.9163763066202091,
                    "p": 0.6202167100582753
                },
                {
                    "x": 0.6382978723404256,
                    "y": 0.9444444444444444,
                    "p": 0.6364165801594425
                },
                {
                    "x": 0.5957446808510638,
                    "y": 0.952,
                    "p": 0.644993155035981
                },
                {
                    "x": 0.5632040050062578,
                    "y": 0.967741935483871,
                    "p": 0.6524189788648593
                },
                {
                    "x": 0.5206508135168961,
                    "y": 0.9765258215962441,
                    "p": 0.6654660124587967
                },
                {
                    "x": 0.48435544430538174,
                    "y": 0.9923076923076923,
                    "p": 0.6794927034913849
                },
                {
                    "x": 0.43429286608260326,
                    "y": 0.9914285714285714,
                    "p": 0.6896224645797795
                },
                {
                    "x": 0.3829787234042553,
                    "y": 0.9902912621359223,
                    "p": 0.6980992229333504
                },
                {
                    "x": 0.33291614518147683,
                    "y": 0.9888475836431226,
                    "p": 0.7104167348125494
                },
                {
                    "x": 0.2828535669586984,
                    "y": 0.9912280701754386,
                    "p": 0.7273449257691369
                },
                {
                    "x": 0.22778473091364204,
                    "y": 0.9891304347826086,
                    "p": 0.7427902028733909
                },
                {
                    "x": 0.17271589486858574,
                    "y": 0.9928057553956835,
                    "p": 0.7645423644426184
                },
                {
                    "x": 0.1113892365456821,
                    "y": 0.9888888888888889,
                    "p": 0.7883348793329474
                },
                {
                    "x": 0.06758448060075094,
                    "y": 1.0,
                    "p": 0.8316936175490881
                },
                {
                    "x": 0.012515644555694618,
                    "y": 1.0,
                    "p": 0.9256635864039481
                }
            ],
            "positiveRate": 0.347845015237266
        }
    ],
    "densityData": {
        "0.0": {
            "actualIsThisClass": [
                1.3373961553039883e-09,
                5.870291245444253e-09,
                2.3940630663169034e-08,
                9.072704692404207e-08,
                3.195390870815293e-07,
                1.0460987993878704e-06,
                3.1840254361941784e-06,
                9.012627593843428e-06,
                2.373235522080569e-05,
                5.815967205403501e-05,
                0.00013271294509585886,
                0.0002821526033724557,
                0.0005593268179635215,
                0.0010348227141977373,
                0.0017889080221036124,
                0.002893709453259027,
                0.004387789313047287,
                0.006251027269905026,
                0.00839205782480646,
                0.010660268350663644,
                0.012888622237167099,
                0.014965114133440463,
                0.01692431523869471,
                0.019048958652119412,
                0.021972222460857452,
                0.026767707550500237,
                0.035002051917034725,
                0.048710178821933604,
                0.07025060653515965,
                0.10202298381297756,
                0.1460815904603627,
                0.20373381772570925,
                0.27523659417104823,
                0.35967466714780755,
                0.45503516850358855,
                0.5584261626715447,
                0.6663657104757097,
                0.7750987118007711,
                0.8809422964782648,
                0.9806644619026449,
                1.0718499006832003,
                1.1531460093879942,
                1.2242811245047347,
                1.2858356358563512,
                1.33887597457263,
                1.3846366624568947,
                1.4243943398438437,
                1.4595452208427182,
                1.4917674018725215,
                1.5231077401994093,
                1.555892061943221,
                1.592456595415833,
                1.634765827767749,
                1.6839988252983407,
                1.7401929049970817,
                1.8020688450019557,
                1.867194595645447,
                1.9325819285313157,
                1.9955989653546657,
                2.054812644662965,
                2.1102673914212886,
                2.1629298365449623,
                2.213513709692888,
                2.261325902577237,
                2.303813254214949,
                2.337082515669388,
                2.357096870907815,
                2.360916993281592,
                2.3474425770259253,
                2.3174855245815587,
                2.273367376551315,
                2.2183723702742193,
                2.1563034752819363,
                2.0912095904589982,
                2.0271949464030845,
                1.9681417227701696,
                1.917201219031139,
                1.8760543961857847,
                1.844168833620534,
                1.818450994126962,
                1.7936454350321875,
                1.7635178621911676,
                1.7224328875112584,
                1.666679030925049,
                1.5949977309372922,
                1.5081919367839267,
                1.4081617564655105,
                1.2969554916773127,
                1.1763190749554016,
                1.0478790747981095,
                0.9137260090238203,
                0.776968282501349,
                0.6418740632766474,
                0.5134524425302407,
                0.396611580321089,
                0.29522708492772054,
                0.2114734890485676,
                0.1456267683207272,
                0.09633120343130487,
                0.061155919922528786
            ],
            "actualIsNotThisClass": [
                0.01678782896712678,
                0.029303872282634164,
                0.04755040145730031,
                0.07194938357692583,
                0.1019939514804087,
                0.13639868024451327,
                0.17379551092598147,
                0.21378624065127116,
                0.25784323731986447,
                0.3094620814284009,
                0.37325242705247885,
                0.45321671278144016,
                0.551010495969813,
                0.6651566021724279,
                0.7918108752725114,
                0.9268635086086068,
                1.0683239886627236,
                1.2176177159060337,
                1.378934767911113,
                1.5569035179586537,
                1.7539003983946047,
                1.968509137377399,
                2.195835818111442,
                2.429155910633135,
                2.661609725328426,
                2.886863644107449,
                3.098561993404657,
                3.289294943043075,
                3.450108299816038,
                3.571179523505367,
                3.643530952454956,
                3.661049867469951,
                3.6219693162837436,
                3.5293135856487807,
                3.390312402324112,
                3.2151057558673615,
                3.0151167110723827,
                2.801426917278661,
                2.5834915900681934,
                2.368512605012184,
                2.1616034641121473,
                1.9665526310529609,
                1.7867409275029849,
                1.6257660891590322,
                1.487514999431294,
                1.3756214361569623,
                1.292386990783831,
                1.2374135422074992,
                1.2064466974858263,
                1.1911080269300702,
                1.180043584834065,
                1.1614533493602879,
                1.1262375986030375,
                1.0705430019540412,
                0.9966294348852784,
                0.9116684956457193,
                0.8249645167831889,
                0.7447180385548384,
                0.6755633815917063,
                0.6177128721031587,
                0.5678477818706934,
                0.5212075385370455,
                0.47390872340810336,
                0.42452660976031875,
                0.37437972609308523,
                0.32657798744135913,
                0.2844284259168646,
                0.249989173436152,
                0.22336281512228304,
                0.20288184648917154,
                0.18592220533913043,
                0.1698836308734524,
                0.15293443690316882,
                0.1343293147920086,
                0.11432643118662265,
                0.09385841827933829,
                0.07413424992496036,
                0.0563018035468345,
                0.041231366261668866,
                0.02942113799703819,
                0.020991223873208054,
                0.015724497042501333,
                0.013125295007175658,
                0.0124888715379464,
                0.01299128749908016,
                0.013808837153216055,
                0.014256531280658182,
                0.01390966127973392,
                0.012662215467278986,
                0.010694204337861397,
                0.008359433665214229,
                0.006041429095860719,
                0.004034967354844326,
                0.0024899589888405056,
                0.001419576146386372,
                0.0007476925144058803,
                0.0003638127622507907,
                0.00016353855500864746,
                6.791227466443351e-05,
                2.6053234780890258e-05
            ],
            "actualIsThisClassMedian": 0.6584881822100168,
            "actualIsNotThisClassMedian": 0.32870258331007024
        },
        "1.0": {
            "actualIsThisClass": [
                2.6053234780892247e-05,
                6.791227466443846e-05,
                0.00016353855500865936,
                0.0003638127622508127,
                0.0007476925144059228,
                0.0014195761463864478,
                0.002489958988840612,
                0.004034967354844481,
                0.0060414290958608905,
                0.008359433665214428,
                0.010694204337861607,
                0.012662215467279121,
                0.013909661279733969,
                0.014256531280658132,
                0.013808837153215958,
                0.012991287499079976,
                0.012488871537946233,
                0.013125295007175531,
                0.015724497042501305,
                0.02099122387320799,
                0.02942113799703832,
                0.0412313662616693,
                0.056301803546834644,
                0.0741342499249611,
                0.09385841827933862,
                0.11432643118662265,
                0.13432931479200896,
                0.15293443690316935,
                0.1698836308734533,
                0.18592220533913043,
                0.2028818464891721,
                0.22336281512228362,
                0.24998917343615334,
                0.28442842591686485,
                0.3265779874413603,
                0.3743797260930859,
                0.4245266097603199,
                0.47390872340810336,
                0.5212075385370455,
                0.5678477818706964,
                0.6177128721031565,
                0.6755633815917074,
                0.7447180385548371,
                0.8249645167831993,
                0.9116684956457225,
                0.9966294348852873,
                1.0705430019540467,
                1.1262375986030335,
                1.161453349360296,
                1.1800435848340818,
                1.1911080269300829,
                1.2064466974858115,
                1.2374135422075014,
                1.2923869907838195,
                1.3756214361569843,
                1.4875149994312755,
                1.6257660891590062,
                1.7867409275029913,
                1.9665526310529573,
                2.1616034641121438,
                2.3685126050121625,
                2.583491590068189,
                2.801426917278726,
                3.0151167110723396,
                3.215105755867339,
                3.390312402324118,
                3.5293135856487683,
                3.6219693162837565,
                3.6610498674699055,
                3.643530952454943,
                3.5711795235054176,
                3.45010829981605,
                3.289294943043081,
                3.098561993404635,
                2.88686364410749,
                2.661609725328412,
                2.429155910633131,
                2.195835818111438,
                1.9685091373773886,
                1.7539003983945984,
                1.5569035179586592,
                1.3789347679111057,
                1.2176177159060315,
                1.0683239886627236,
                0.926863508608597,
                0.7918108752725029,
                0.6651566021724332,
                0.5510104959698126,
                0.45321671278143855,
                0.37325242705247685,
                0.30946208142840065,
                0.25784323731986447,
                0.21378624065127058,
                0.1737955109259813,
                0.13639868024451218,
                0.10199395148040816,
                0.07194938357692544,
                0.04755040145730003,
                0.029303872282634032,
                0.01678782896712669
            ],
            "actualIsNotThisClass": [
                0.061155919922529334,
                0.09633120343130504,
                0.14562676832072827,
                0.2114734890485676,
                0.2952270849277232,
                0.3966115803210911,
                0.5134524425302371,
                0.6418740632766474,
                0.7769682825013614,
                0.9137260090238268,
                1.0478790747981188,
                1.1763190749554204,
                1.2969554916772874,
                1.4081617564655053,
                1.508191936783916,
                1.5949977309372865,
                1.6666790309250639,
                1.7224328875112431,
                1.763517862191177,
                1.7936454350322322,
                1.818450994126991,
                1.8441688336205175,
                1.8760543961858014,
                1.917201219031139,
                1.9681417227701452,
                2.027194946403095,
                2.09120959045895,
                2.156303475281963,
                2.218372370274247,
                2.2733673765513474,
                2.317485524581592,
                2.3474425770259546,
                2.3609169932815544,
                2.3570968709078484,
                2.3370825156693753,
                2.303813254214949,
                2.2613259025772616,
                2.213513709692904,
                2.162929836544939,
                2.1102673914213224,
                2.0548126446629245,
                1.995598965354687,
                1.9325819285313466,
                1.8671945956454834,
                1.8020688450019782,
                1.7401929049970601,
                1.6839988252983258,
                1.6347658277677606,
                1.5924565954158103,
                1.555892061943243,
                1.5231077401994308,
                1.4917674018725031,
                1.459545220842713,
                1.4243943398438335,
                1.384636662456902,
                1.3388759745726324,
                1.2858356358563625,
                1.2242811245047305,
                1.1531460093879964,
                1.0718499006831965,
                0.9806644619026413,
                0.8809422964782664,
                0.775098711800767,
                0.666365710475699,
                0.5584261626715408,
                0.45503516850359255,
                0.35967466714780594,
                0.2752365941710463,
                0.20373381772570817,
                0.14608159046036284,
                0.10202298381297802,
                0.07025060653515927,
                0.048710178821933695,
                0.03500205191703406,
                0.026767707550500227,
                0.021972222460857904,
                0.019048958652119693,
                0.016924315238694726,
                0.014965114133440344,
                0.012888622237166974,
                0.010660268350663664,
                0.008392057824806474,
                0.006251027269905038,
                0.004387789313047307,
                0.002893709453259109,
                0.0017889080221036252,
                0.0010348227141977475,
                0.0005593268179635254,
                0.0002821526033724607,
                0.00013271294509586027,
                5.815967205403604e-05,
                2.3732355220806114e-05,
                9.012627593843652e-06,
                3.1840254361942576e-06,
                1.0460987993878926e-06,
                3.195390870815384e-07,
                9.072704692404464e-08,
                2.3940630663169885e-08,
                5.870291245444441e-09,
                1.3373961553040452e-09
            ],
            "actualIsThisClassMedian": 0.67129741668993,
            "actualIsNotThisClassMedian": 0.3415118177899831
        }
    },
    "calibrationData": [
        {
            "y": 0,
            "x": 0,
            "n": 0
        },
        {
            "y": 0.0,
            "x": 0.07910327036004206,
            "n": 56.0
        },
        {
            "y": 0.004016064257028112,
            "x": 0.15546635920294558,
            "n": 249.0
        },
        {
            "y": 0.03289473684210526,
            "x": 0.2554668778812884,
            "n": 304.0
        },
        {
            "y": 0.07967032967032966,
            "x": 0.34817177831823565,
            "n": 364.0
        },
        {
            "y": 0.22562674094707522,
            "x": 0.44808950219601246,
            "n": 359.0
        },
        {
            "y": 0.334375,
            "x": 0.5528932232727181,
            "n": 320.0
        },
        {
            "y": 0.7942028985507247,
            "x": 0.6521097979047421,
            "n": 345.0
        },
        {
            "y": 0.9868421052631579,
            "x": 0.7449387078160614,
            "n": 228.0
        },
        {
            "y": 1.0,
            "x": 0.8397951318307068,
            "n": 62.0
        },
        {
            "y": 1.0,
            "x": 0.9256635864039481,
            "n": 10.0
        },
        {
            "y": 1,
            "x": 1,
            "n": 0
        }
    ],
    "probaDistribData": {
        "bins": [
            0.0,
            0.1,
            0.2,
            0.3,
            0.4,
            0.5,
            0.6,
            0.7,
            0.8,
            0.9,
            1.0
        ],
        "probaDistribs": [
            [
                56.0,
                248.0,
                294.0,
                335.0,
                278.0,
                213.0,
                71.0,
                3.0,
                0.0,
                0.0
            ],
            [
                0.0,
                1.0,
                10.0,
                29.0,
                81.0,
                107.0,
                274.0,
                225.0,
                62.0,
                10.0
            ]
        ]
    },
    "globalMetrics": {
        "testWeight": 2297,
        "targetAvg": [
            0.347845015237266
        ],
        "targetStd": [
            0.47639024169310096
        ],
        "predictionAvg": [
            0.31867653461036133
        ],
        "predictionStd": [
            0.4659633042408946
        ]
    }
}