{
  "state": "DONE",
  "preSearchDescription": {
    "gridLength": 2,
    "searchStrategy": "GRID",
    "importantParams": [
      {
        "name": "trees",
        "vals": [
          "100"
        ]
      },
      {
        "name": "depth",
        "vals": [
          "6",
          "13"
        ]
      },
      {
        "name": "min_samples",
        "vals": [
          "1"
        ]
      }
    ]
  },
  "postSearchDescription": {
    "importantParams": [
      {
        "name": "trees",
        "val": "100"
      },
      {
        "name": "depth",
        "val": "13"
      },
      {
        "name": "min_samples",
        "val": "1"
      }
    ]
  },
  "resumed": false,
  "timeOrderingEnabled": false,
  "sampleWeightsEnabled": false,
  "modelId": "m1",
  "progress": {
    "top_level_todo": [],
    "stack": [],
    "top_level_done": [
      {
        "name": "Loading train set",
        "time": 71
      },
      {
        "name": "Loading test set",
        "time": 18
      },
      {
        "name": "Collecting statistics",
        "time": 27
      },
      {
        "name": "Preprocessing train set",
        "time": 152
      },
      {
        "name": "Preprocessing test set",
        "time": 30
      },
      {
        "name": "Hyperparameter searching",
        "time": 10983
      },
      {
        "name": "Fitting model",
        "time": 1059
      },
      {
        "name": "Saving model",
        "time": 131
      },
      {
        "name": "Scoring model",
        "time": 1034
      },
      {
        "name": "Preparing explainability",
        "time": 5373
      }
    ]
  },
  "startTime": 1706743096980,
  "endTime": 1706743115979,
  "preprocessingTime": 412,
  "trainingTime": 18587,
  "hyperparamsSearchTime": 10983,
  "pythonVersion": "3.6.8"
}