{
  "starred": true,
  "clusterMetas": {},
  "customMeta": {
    "kv": {}
  },
  "tags": [],
  "activeClassifierThreshold": 0.575,
  "description": "",
  "name": "Random forest (s2)",
  "labels": [
    {
      "key": "trainDataset:dataset-name",
      "value": "row_logs_train"
    },
    {
      "key": "testDataset:dataset-name",
      "value": "row_logs_train"
    },
    {
      "key": "evaluationDataset:dataset-name",
      "value": "row_logs_train"
    },
    {
      "key": "model:algorithm",
      "value": "RANDOM_FOREST_CLASSIFICATION"
    },
    {
      "key": "model:name",
      "value": "Random forest (s2)"
    },
    {
      "key": "model:date",
      "value": "2024-01-31T23:18:35.979+0000"
    },
    {
      "key": "evaluation:date",
      "value": "2024-01-31T23:18:35.979+0000"
    }
  ]
}