{
    "perClassFacts": {
        "unique": {
            "server_ts": {
                "impact": 1.23974590249104,
                "rank": 1,
                "feature": "server_ts",
                "positiveCategoricalValue": "2014-03-28-15",
                "negativeCategoricalValue": "2014-03-28-14",
                "infoGain": 0.6494857185423186,
                "type": "CATEGORICAL"
            },
            "sc_height": {
                "impact": 0.6697069299638947,
                "rank": 2,
                "feature": "sc_height",
                "correlation": -0.8965249484543867,
                "type": "NUMERICAL"
            },
            "sc_width": {
                "impact": 0.4852776712688498,
                "rank": 3,
                "feature": "sc_width",
                "correlation": 0.9045392036582429,
                "type": "NUMERICAL"
            },
            "user_agent": {
                "impact": 0.38658664103942103,
                "rank": 4,
                "feature": "user_agent",
                "positiveCategoricalValue": "macintosh",
                "negativeCategoricalValue": "windows",
                "infoGain": 0.6923469670899615,
                "type": "CATEGORICAL"
            },
            "referer": {
                "impact": 0.3405925258284446,
                "rank": 5,
                "feature": "referer",
                "positiveCategoricalValue": "dataiku",
                "negativeCategoricalValue": "google",
                "infoGain": 0.6108643020548935,
                "type": "CATEGORICAL"
            },
            "br_lang": {
                "impact": 0.289513421930582,
                "rank": 6,
                "feature": "br_lang",
                "positiveCategoricalValue": "en",
                "negativeCategoricalValue": "fr",
                "infoGain": 0.5982804338440635,
                "type": "CATEGORICAL"
            },
            "br_width": {
                "impact": 0.11935999193431632,
                "rank": 7,
                "feature": "br_width",
                "correlation": 0.9378391411943274,
                "type": "NUMERICAL"
            },
            "br_height": {
                "impact": 0.1162922093667372,
                "rank": 8,
                "feature": "br_height",
                "correlation": 0.9476479025079079,
                "type": "NUMERICAL"
            },
            "tz_off": {
                "impact": 0.0909517513996542,
                "rank": 9,
                "feature": "tz_off",
                "correlation": -0.7666382352030499,
                "type": "NUMERICAL"
            }
        }
    }
}