{
    "startedAt": 1706743097635,
    "gridSize": 5,
    "nThreads": 4,
    "nSplits": 5,
    "metric": "ROC_AUC",
    "timeout": null,
    "gridPoints": [
        {
            "finishedAt": 1706743099805,
            "score": 0.8058840424437052,
            "testScoreGibMean": 0.8058840424437052,
            "testScoreMean": 0.8058840424437052,
            "testScoreStd": 0.005469385459187234,
            "trainScoreMean": 0.8154045049278248,
            "trainScoreStd": 0.0008142279478741336,
            "time": 5894,
            "fitTimeMean": 298.2,
            "fitTimeStd": 185.90363094894084,
            "scoreTimeMean": 880.6,
            "scoreTimeStd": 279.41839595846227,
            "parameters": {
                "C": 0.1,
                "penalty": "l2"
            }
        },
        {
            "finishedAt": 1706743101014,
            "score": 0.712896631979362,
            "testScoreGibMean": 0.712896631979362,
            "testScoreMean": 0.712896631979362,
            "testScoreStd": 0.009188701267498172,
            "trainScoreMean": 0.718069075657852,
            "trainScoreStd": 0.0010719313668707238,
            "time": 5625,
            "fitTimeMean": 287.4,
            "fitTimeStd": 37.20537595563308,
            "scoreTimeMean": 837.6,
            "scoreTimeStd": 173.01283189405345,
            "parameters": {
                "C": 0.01,
                "penalty": "l2"
            }
        },
        {
            "finishedAt": 1706743103209,
            "score": 0.8371240651436757,
            "testScoreGibMean": 0.8371240651436757,
            "testScoreMean": 0.8371240651436757,
            "testScoreStd": 0.00453697326560019,
            "trainScoreMean": 0.8473454668308953,
            "trainScoreStd": 0.0011997059941324189,
            "time": 7214,
            "fitTimeMean": 783.6,
            "fitTimeStd": 279.3568327426412,
            "scoreTimeMean": 659.2,
            "scoreTimeStd": 186.72053984497796,
            "parameters": {
                "C": 10.0,
                "penalty": "l2"
            }
        },
        {
            "finishedAt": 1706743104205,
            "score": 0.8347179472948624,
            "testScoreGibMean": 0.8347179472948624,
            "testScoreMean": 0.8347179472948624,
            "testScoreStd": 0.0040191824805627255,
            "trainScoreMean": 0.8450262297441102,
            "trainScoreStd": 0.0011619205601084701,
            "time": 4599,
            "fitTimeMean": 395.8,
            "fitTimeStd": 60.21428401965767,
            "scoreTimeMean": 524.0,
            "scoreTimeStd": 119.3364990269113,
            "parameters": {
                "C": 1.0,
                "penalty": "l2"
            }
        },
        {
            "finishedAt": 1706743106015,
            "score": 0.8373071484268196,
            "testScoreGibMean": 0.8373071484268196,
            "testScoreMean": 0.8373071484268196,
            "testScoreStd": 0.004603339961220119,
            "trainScoreMean": 0.8475543576588581,
            "trainScoreStd": 0.001175269234399118,
            "time": 6595,
            "fitTimeMean": 801.0,
            "fitTimeStd": 170.5743239763828,
            "scoreTimeMean": 518.0,
            "scoreTimeStd": 218.41245385737508,
            "parameters": {
                "C": 100.0,
                "penalty": "l2"
            }
        }
    ]
}