[
    {
        "test_score_gib": 0.8100935555538192,
        "train_score": 0.8142767800976575,
        "test_score": 0.8100935555538192,
        "num_samples": 1825,
        "fit_time": 26,
        "score_time": 499,
        "time": 525,
        "parameters": {
            "C": 0.1,
            "penalty": "l2"
        },
        "done_at": 1706743098205,
        "split_id": 0
    },
    {
        "test_score_gib": 0.7970265117478376,
        "train_score": 0.8152710899983162,
        "test_score": 0.7970265117478376,
        "num_samples": 1825,
        "fit_time": 224,
        "score_time": 1103,
        "time": 1327,
        "parameters": {
            "C": 0.1,
            "penalty": "l2"
        },
        "done_at": 1706743099008,
        "split_id": 1
    },
    {
        "test_score_gib": 0.8060437666925131,
        "train_score": 0.8163068651306515,
        "test_score": 0.8060437666925131,
        "num_samples": 1823,
        "fit_time": 320,
        "score_time": 602,
        "time": 922,
        "parameters": {
            "C": 0.1,
            "penalty": "l2"
        },
        "done_at": 1706743098606,
        "split_id": 2
    },
    {
        "test_score_gib": 0.8034813109121715,
        "train_score": 0.8163416202314616,
        "test_score": 0.8034813109121715,
        "num_samples": 1823,
        "fit_time": 319,
        "score_time": 1204,
        "time": 1523,
        "parameters": {
            "C": 0.1,
            "penalty": "l2"
        },
        "done_at": 1706743099308,
        "split_id": 3
    },
    {
        "test_score_gib": 0.8127801666183676,
        "train_score": 0.8148275527682662,
        "test_score": 0.8127801666183676,
        "num_samples": 1823,
        "fit_time": 602,
        "score_time": 995,
        "time": 1597,
        "parameters": {
            "C": 0.1,
            "penalty": "l2"
        },
        "done_at": 1706743099805,
        "split_id": 4
    },
    {
        "test_score_gib": 0.7145455184753987,
        "train_score": 0.7162545146333439,
        "test_score": 0.7145455184753987,
        "num_samples": 1825,
        "fit_time": 315,
        "score_time": 1091,
        "time": 1406,
        "parameters": {
            "C": 0.01,
            "penalty": "l2"
        },
        "done_at": 1706743100211,
        "split_id": 0
    },
    {
        "test_score_gib": 0.702356209124792,
        "train_score": 0.7193734490025305,
        "test_score": 0.702356209124792,
        "num_samples": 1825,
        "fit_time": 294,
        "score_time": 699,
        "time": 993,
        "parameters": {
            "C": 0.01,
            "penalty": "l2"
        },
        "done_at": 1706743100105,
        "split_id": 1
    },
    {
        "test_score_gib": 0.712760194344583,
        "train_score": 0.7186799906776471,
        "test_score": 0.712760194344583,
        "num_samples": 1823,
        "fit_time": 315,
        "score_time": 1002,
        "time": 1317,
        "parameters": {
            "C": 0.01,
            "penalty": "l2"
        },
        "done_at": 1706743100627,
        "split_id": 2
    },
    {
        "test_score_gib": 0.7058495265396274,
        "train_score": 0.7184490913150547,
        "test_score": 0.7058495265396274,
        "num_samples": 1823,
        "fit_time": 298,
        "score_time": 709,
        "time": 1007,
        "parameters": {
            "C": 0.01,
            "penalty": "l2"
        },
        "done_at": 1706743100816,
        "split_id": 3
    },
    {
        "test_score_gib": 0.7289814662520788,
        "train_score": 0.7175888923838658,
        "test_score": 0.7289814662520788,
        "num_samples": 1823,
        "fit_time": 215,
        "score_time": 687,
        "time": 902,
        "parameters": {
            "C": 0.01,
            "penalty": "l2"
        },
        "done_at": 1706743101014,
        "split_id": 4
    },
    {
        "test_score_gib": 0.8420761675561217,
        "train_score": 0.8467461005676238,
        "test_score": 0.8420761675561217,
        "num_samples": 1825,
        "fit_time": 699,
        "score_time": 410,
        "time": 1109,
        "parameters": {
            "C": 10.0,
            "penalty": "l2"
        },
        "done_at": 1706743101424,
        "split_id": 0
    },
    {
        "test_score_gib": 0.8397906720528828,
        "train_score": 0.8463622624555774,
        "test_score": 0.8397906720528828,
        "num_samples": 1825,
        "fit_time": 408,
        "score_time": 694,
        "time": 1102,
        "parameters": {
            "C": 10.0,
            "penalty": "l2"
        },
        "done_at": 1706743101907,
        "split_id": 1
    },
    {
        "test_score_gib": 0.83524505849396,
        "train_score": 0.8475686912361733,
        "test_score": 0.83524505849396,
        "num_samples": 1823,
        "fit_time": 1104,
        "score_time": 983,
        "time": 2087,
        "parameters": {
            "C": 10.0,
            "penalty": "l2"
        },
        "done_at": 1706743102905,
        "split_id": 2
    },
    {
        "test_score_gib": 0.8291881074899943,
        "train_score": 0.8495906395101527,
        "test_score": 0.8291881074899943,
        "num_samples": 1823,
        "fit_time": 599,
        "score_time": 614,
        "time": 1213,
        "parameters": {
            "C": 10.0,
            "penalty": "l2"
        },
        "done_at": 1706743102318,
        "split_id": 3
    },
    {
        "test_score_gib": 0.8393119616950063,
        "train_score": 0.8464613766116507,
        "test_score": 0.8393119616950063,
        "num_samples": 1823,
        "fit_time": 1108,
        "score_time": 595,
        "time": 1703,
        "parameters": {
            "C": 10.0,
            "penalty": "l2"
        },
        "done_at": 1706743103209,
        "split_id": 4
    },
    {
        "test_score_gib": 0.8399586657394458,
        "train_score": 0.8442753491132994,
        "test_score": 0.8399586657394458,
        "num_samples": 1825,
        "fit_time": 400,
        "score_time": 591,
        "time": 991,
        "parameters": {
            "C": 1.0,
            "penalty": "l2"
        },
        "done_at": 1706743102914,
        "split_id": 0
    },
    {
        "test_score_gib": 0.8350165258905617,
        "train_score": 0.8438727573600907,
        "test_score": 0.8350165258905617,
        "num_samples": 1825,
        "fit_time": 486,
        "score_time": 304,
        "time": 790,
        "parameters": {
            "C": 1.0,
            "penalty": "l2"
        },
        "done_at": 1706743103110,
        "split_id": 1
    },
    {
        "test_score_gib": 0.8338417778195499,
        "train_score": 0.8457480617817755,
        "test_score": 0.8338417778195499,
        "num_samples": 1823,
        "fit_time": 398,
        "score_time": 626,
        "time": 1024,
        "parameters": {
            "C": 1.0,
            "penalty": "l2"
        },
        "done_at": 1706743103932,
        "split_id": 2
    },
    {
        "test_score_gib": 0.827825293514102,
        "train_score": 0.8469665275376113,
        "test_score": 0.827825293514102,
        "num_samples": 1823,
        "fit_time": 296,
        "score_time": 607,
        "time": 903,
        "parameters": {
            "C": 1.0,
            "penalty": "l2"
        },
        "done_at": 1706743103924,
        "split_id": 3
    },
    {
        "test_score_gib": 0.8369413963882818,
        "train_score": 0.8442705421795726,
        "test_score": 0.8369413963882818,
        "num_samples": 1823,
        "fit_time": 399,
        "score_time": 492,
        "time": 891,
        "parameters": {
            "C": 1.0,
            "penalty": "l2"
        },
        "done_at": 1706743104205,
        "split_id": 4
    },
    {
        "test_score_gib": 0.842393923056287,
        "train_score": 0.8468588670273074,
        "test_score": 0.842393923056287,
        "num_samples": 1825,
        "fit_time": 615,
        "score_time": 493,
        "time": 1108,
        "parameters": {
            "C": 100.0,
            "penalty": "l2"
        },
        "done_at": 1706743104814,
        "split_id": 0
    },
    {
        "test_score_gib": 0.8399065746738448,
        "train_score": 0.846718092412236,
        "test_score": 0.8399065746738448,
        "num_samples": 1825,
        "fit_time": 582,
        "score_time": 704,
        "time": 1286,
        "parameters": {
            "C": 100.0,
            "penalty": "l2"
        },
        "done_at": 1706743105217,
        "split_id": 1
    },
    {
        "test_score_gib": 0.8353977876464307,
        "train_score": 0.8477996313433154,
        "test_score": 0.8353977876464307,
        "num_samples": 1823,
        "fit_time": 878,
        "score_time": 801,
        "time": 1679,
        "parameters": {
            "C": 100.0,
            "penalty": "l2"
        },
        "done_at": 1706743105614,
        "split_id": 2
    },
    {
        "test_score_gib": 0.82926904088703,
        "train_score": 0.8497532917521623,
        "test_score": 0.82926904088703,
        "num_samples": 1823,
        "fit_time": 1005,
        "score_time": 407,
        "time": 1412,
        "parameters": {
            "C": 100.0,
            "penalty": "l2"
        },
        "done_at": 1706743105620,
        "split_id": 3
    },
    {
        "test_score_gib": 0.8395599833955999,
        "train_score": 0.846643586237469,
        "test_score": 0.8395599833955999,
        "num_samples": 1823,
        "fit_time": 925,
        "score_time": 185,
        "time": 1110,
        "parameters": {
            "C": 100.0,
            "penalty": "l2"
        },
        "done_at": 1706743106015,
        "split_id": 4
    }
]