{
    "metrics": {},
    "processed_feature_names": [
        "tz_off",
        "br_width",
        "br_height",
        "sc_height",
        "sc_width",
        "dummy:server_ts:2014-03-28-14",
        "dummy:server_ts:2014-03-28-15",
        "dummy:server_ts:2014-03-31-08",
        "dummy:server_ts:2014-03-31-14",
        "dummy:server_ts:2014-03-31-09",
        "dummy:server_ts:2014-03-31-11",
        "dummy:server_ts:2014-03-17-16",
        "dummy:server_ts:2014-03-23-20",
        "dummy:server_ts:2014-03-26-09",
        "dummy:server_ts:2014-03-03-15",
        "dummy:server_ts:2014-03-26-16",
        "dummy:server_ts:2014-03-25-13",
        "dummy:server_ts:2014-03-31-07",
        "dummy:server_ts:2014-03-29-13",
        "dummy:server_ts:2014-03-24-16",
        "dummy:server_ts:2014-03-21-10",
        "dummy:server_ts:2014-03-28-19",
        "dummy:server_ts:2014-03-04-13",
        "dummy:server_ts:2014-03-21-17",
        "dummy:server_ts:2014-03-14-11",
        "dummy:server_ts:2014-03-31-06",
        "dummy:server_ts:2014-03-18-12",
        "dummy:server_ts:2014-03-28-20",
        "dummy:server_ts:2014-03-05-12",
        "dummy:server_ts:2014-03-04-09",
        "dummy:server_ts:2014-03-26-13",
        "dummy:server_ts:2014-03-28-13",
        "dummy:server_ts:2014-03-03-08",
        "dummy:server_ts:2014-03-31-20",
        "dummy:server_ts:2014-03-11-12",
        "dummy:server_ts:2014-03-12-17",
        "dummy:server_ts:2014-03-03-14",
        "dummy:server_ts:2014-03-18-09",
        "dummy:server_ts:2014-03-28-12",
        "dummy:server_ts:2014-03-07-17",
        "dummy:server_ts:2014-03-27-12",
        "dummy:server_ts:2014-03-22-08",
        "dummy:server_ts:2014-03-31-12",
        "dummy:server_ts:2014-03-05-04",
        "dummy:server_ts:2014-03-12-16",
        "dummy:server_ts:2014-03-31-13",
        "dummy:server_ts:2014-03-28-17",
        "dummy:server_ts:2014-03-04-17",
        "dummy:server_ts:2014-03-31-15",
        "dummy:server_ts:2014-03-13-17",
        "dummy:server_ts:2014-03-24-12",
        "dummy:server_ts:2014-03-07-08",
        "dummy:server_ts:2014-03-30-21",
        "dummy:server_ts:2014-03-07-07",
        "dummy:server_ts:2014-03-04-10",
        "dummy:server_ts:2014-03-21-21",
        "dummy:server_ts:2014-03-18-19",
        "dummy:server_ts:2014-03-28-16",
        "dummy:server_ts:2014-03-06-16",
        "dummy:server_ts:2014-03-10-20",
        "dummy:server_ts:2014-03-25-16",
        "dummy:server_ts:2014-03-07-09",
        "dummy:server_ts:2014-03-17-17",
        "dummy:server_ts:2014-03-12-21",
        "dummy:server_ts:2014-03-03-11",
        "dummy:server_ts:2014-03-06-09",
        "dummy:server_ts:2014-03-08-16",
        "dummy:server_ts:2014-03-28-09",
        "dummy:server_ts:2014-03-21-14",
        "dummy:server_ts:2014-03-29-12",
        "dummy:server_ts:2014-03-31-18",
        "dummy:server_ts:2014-03-16-18",
        "dummy:server_ts:2014-03-03-10",
        "dummy:server_ts:2014-03-26-14",
        "dummy:server_ts:2014-03-05-11",
        "dummy:server_ts:2014-03-12-12",
        "dummy:server_ts:2014-03-05-15",
        "dummy:server_ts:2014-03-26-15",
        "dummy:server_ts:2014-03-14-21",
        "dummy:server_ts:2014-03-20-20",
        "dummy:server_ts:2014-03-04-12",
        "dummy:server_ts:2014-03-25-10",
        "dummy:server_ts:2014-03-17-13",
        "dummy:server_ts:2014-03-12-14",
        "dummy:server_ts:2014-03-13-12",
        "dummy:server_ts:2014-03-28-18",
        "dummy:server_ts:2014-03-04-11",
        "dummy:server_ts:2014-03-25-12",
        "dummy:server_ts:2014-03-30-12",
        "dummy:server_ts:2014-03-31-17",
        "dummy:server_ts:2014-03-25-15",
        "dummy:server_ts:2014-03-21-08",
        "dummy:server_ts:2014-03-27-15",
        "dummy:server_ts:2014-03-27-09",
        "dummy:server_ts:2014-03-28-23",
        "dummy:server_ts:2014-03-06-18",
        "dummy:server_ts:2014-03-17-15",
        "dummy:server_ts:2014-03-17-11",
        "dummy:server_ts:2014-03-03-09",
        "dummy:server_ts:2014-03-29-01",
        "dummy:server_ts:2014-03-27-13",
        "dummy:server_ts:2014-03-24-20",
        "dummy:server_ts:2014-03-09-13",
        "dummy:server_ts:2014-03-14-07",
        "dummy:server_ts:2014-03-29-23",
        "dummy:server_ts:2014-03-13-08",
        "dummy:server_ts:N/A",
        "dummy:referer:dataiku",
        "dummy:referer:google",
        "dummy:referer:other",
        "dummy:referer:journaldunet",
        "dummy:referer:kdnuggets",
        "dummy:referer:strata",
        "dummy:referer:linkedin",
        "dummy:referer:kaggle",
        "dummy:referer:bananadata",
        "dummy:referer:datatau",
        "dummy:referer:bing",
        "dummy:referer:agoranov",
        "dummy:referer:datajob2013",
        "dummy:referer:N/A",
        "dummy:br_lang:fr",
        "dummy:br_lang:en",
        "dummy:br_lang:ru",
        "dummy:br_lang:de",
        "dummy:br_lang:pt",
        "dummy:br_lang:es",
        "dummy:br_lang:zh",
        "dummy:br_lang:ja",
        "dummy:br_lang:other",
        "dummy:br_lang:pl",
        "dummy:br_lang:ca",
        "dummy:br_lang:tr",
        "dummy:br_lang:nl",
        "dummy:br_lang:N/A",
        "dummy:user_agent:windows",
        "dummy:user_agent:macintosh",
        "dummy:user_agent:linux",
        "dummy:user_agent:N/A"
    ],
    "optimalThreshold": 0.425,
    "usedThreshold": 0.425,
    "perCutData": {
        "cut": [
            0.0,
            0.025,
            0.05,
            0.075,
            0.1,
            0.125,
            0.15,
            0.175,
            0.2,
            0.225,
            0.25,
            0.275,
            0.3,
            0.325,
            0.35,
            0.375,
            0.4,
            0.425,
            0.45,
            0.475,
            0.5,
            0.525,
            0.55,
            0.575,
            0.6,
            0.625,
            0.65,
            0.675,
            0.7,
            0.725,
            0.75,
            0.775,
            0.8,
            0.825,
            0.85,
            0.875,
            0.9,
            0.925,
            0.95,
            0.975
        ],
        "tp": [
            799,
            798,
            798,
            795,
            792,
            786,
            778,
            772,
            764,
            756,
            748,
            739,
            726,
            677,
            658,
            647,
            629,
            610,
            587,
            570,
            555,
            535,
            526,
            503,
            478,
            469,
            459,
            444,
            412,
            384,
            355,
            330,
            315,
            270,
            243,
            198,
            163,
            108,
            82,
            57
        ],
        "tn": [
            0,
            170,
            210,
            238,
            293,
            334,
            390,
            447,
            529,
            594,
            650,
            690,
            734,
            830,
            889,
            919,
            967,
            1037,
            1070,
            1100,
            1143,
            1181,
            1199,
            1213,
            1232,
            1251,
            1280,
            1313,
            1341,
            1381,
            1397,
            1413,
            1436,
            1453,
            1463,
            1469,
            1479,
            1482,
            1488,
            1491
        ],
        "fp": [
            1498,
            1328,
            1288,
            1260,
            1205,
            1164,
            1108,
            1051,
            969,
            904,
            848,
            808,
            764,
            668,
            609,
            579,
            531,
            461,
            428,
            398,
            355,
            317,
            299,
            285,
            266,
            247,
            218,
            185,
            157,
            117,
            101,
            85,
            62,
            45,
            35,
            29,
            19,
            16,
            10,
            7
        ],
        "fn": [
            0,
            1,
            1,
            4,
            7,
            13,
            21,
            27,
            35,
            43,
            51,
            60,
            73,
            122,
            141,
            152,
            170,
            189,
            212,
            229,
            244,
            264,
            273,
            296,
            321,
            330,
            340,
            355,
            387,
            415,
            444,
            469,
            484,
            529,
            556,
            601,
            636,
            691,
            717,
            742
        ],
        "precision": [
            0.347845015237266,
            0.3753527751646284,
            0.3825503355704698,
            0.38686131386861317,
            0.39659489233850775,
            0.40307692307692305,
            0.41251325556733826,
            0.42347778387273727,
            0.4408540103866128,
            0.45542168674698796,
            0.46867167919799496,
            0.4776987718164189,
            0.487248322147651,
            0.5033457249070632,
            0.5193370165745856,
            0.5277324632952691,
            0.5422413793103448,
            0.5695611577964519,
            0.5783251231527093,
            0.5888429752066116,
            0.6098901098901099,
            0.6279342723004695,
            0.6375757575757576,
            0.6383248730964467,
            0.6424731182795699,
            0.6550279329608939,
            0.6779911373707533,
            0.7058823529411765,
            0.7240773286467487,
            0.7664670658682635,
            0.7785087719298246,
            0.7951807228915663,
            0.8355437665782494,
            0.8571428571428571,
            0.8741007194244604,
            0.8722466960352423,
            0.8956043956043956,
            0.8709677419354839,
            0.8913043478260869,
            0.890625
        ],
        "recall": [
            1.0,
            0.9987484355444305,
            0.9987484355444305,
            0.9949937421777222,
            0.9912390488110138,
            0.983729662077597,
            0.9737171464330413,
            0.9662077596996246,
            0.9561952440550688,
            0.9461827284105131,
            0.9361702127659575,
            0.9249061326658323,
            0.9086357947434293,
            0.8473091364205256,
            0.8235294117647058,
            0.8097622027534418,
            0.7872340425531915,
            0.7634543178973717,
            0.7346683354192741,
            0.7133917396745932,
            0.6946182728410513,
            0.6695869837296621,
            0.6583229036295369,
            0.6295369211514393,
            0.5982478097622027,
            0.5869837296620776,
            0.574468085106383,
            0.5556946182728411,
            0.5156445556946183,
            0.4806007509386733,
            0.44430538172715894,
            0.4130162703379224,
            0.39424280350438046,
            0.3379224030037547,
            0.3041301627033792,
            0.24780976220275344,
            0.20400500625782228,
            0.13516896120150187,
            0.10262828535669587,
            0.07133917396745933
        ],
        "accuracy": [
            0.347845015237266,
            0.4214192424902046,
            0.4388332607749238,
            0.4497170222028733,
            0.47235524597300826,
            0.48759251197213754,
            0.5084893339138006,
            0.5306922072268175,
            0.5629081410535481,
            0.5877231171092729,
            0.608619939050936,
            0.6221158032215934,
            0.6356116673922507,
            0.6560731388767959,
            0.673487157161515,
            0.6817588158467567,
            0.694819329560296,
            0.717022202873313,
            0.7213757074444929,
            0.7270352633870265,
            0.73922507618633,
            0.7470613844144537,
            0.7509795385285154,
            0.7470613844144537,
            0.7444492816717457,
            0.7488027862429255,
            0.7570744449281672,
            0.7649107531562909,
            0.7631693513278189,
            0.7683935568132346,
            0.7627340008707009,
            0.758815846756639,
            0.7622986504135829,
            0.7501088376142795,
            0.7427078798432738,
            0.7257292120156726,
            0.7148454505877231,
            0.6922072268175882,
            0.6835002176752285,
            0.673922507618633
        ],
        "f1": [
            0.5161498708010336,
            0.5456410256410257,
            0.553206239168111,
            0.5571128241065172,
            0.5665236051502146,
            0.5718443070207347,
            0.5795158286778398,
            0.5888634630053394,
            0.6034755134281201,
            0.6148840992273281,
            0.6246346555323591,
            0.6300085251491901,
            0.6343381389252949,
            0.6315298507462687,
            0.6369796708615683,
            0.6390123456790123,
            0.6421643695763144,
            0.6524064171122995,
            0.6471885336273429,
            0.6451612903225806,
            0.6495026331187829,
            0.6480920654149002,
            0.6477832512315271,
            0.6339004410838059,
            0.6195722618276086,
            0.6191419141914192,
            0.6219512195121952,
            0.6218487394957984,
            0.6023391812865497,
            0.5907692307692307,
            0.5657370517928286,
            0.543657331136738,
            0.5357142857142857,
            0.4847396768402154,
            0.4512534818941504,
            0.3859649122807018,
            0.3323139653414882,
            0.23401950162513543,
            0.1840628507295174,
            0.13209733487833142
        ],
        "mcc": [
            0.0,
            0.20364347493795376,
            0.22910980758541222,
            0.238712958721129,
            0.26407885549105153,
            0.2748997292943081,
            0.2908524160601022,
            0.31141954149021484,
            0.3423074731245089,
            0.36461466272141874,
            0.3827823621199325,
            0.3915621838260503,
            0.397705083191167,
            0.38806702586984715,
            0.39934225190184464,
            0.4040946115468127,
            0.41225753188712644,
            0.4350894104971625,
            0.43058029999742736,
            0.4318374009255314,
            0.4456461909276036,
            0.4515585026802657,
            0.4554066282343495,
            0.4407235028225727,
            0.42816050929081456,
            0.43402958761379934,
            0.4480997755548969,
            0.4616228708566186,
            0.4532857392297149,
            0.4642153493775155,
            0.4500135082529974,
            0.4410415480972436,
            0.45373617254819937,
            0.4262918076465227,
            0.4099989586039279,
            0.36460576371572867,
            0.3373665582500836,
            0.2623712632599468,
            0.23307106826461077,
            0.19293061504980333
        ],
        "hammingLoss": [
            0.6521549847627339,
            0.5785807575097954,
            0.5611667392250762,
            0.5502829777971268,
            0.5276447540269917,
            0.5124074880278624,
            0.4915106660861994,
            0.46930779277318246,
            0.43709185894645186,
            0.41227688289072706,
            0.39138006094906397,
            0.37788419677840657,
            0.3643883326077493,
            0.34392686112320414,
            0.32651284283848503,
            0.3182411841532433,
            0.305180670439704,
            0.282977797126687,
            0.27862429255550714,
            0.2729647366129735,
            0.26077492381366996,
            0.2529386155855463,
            0.2490204614714846,
            0.2529386155855463,
            0.25555071832825427,
            0.2511972137570745,
            0.24292555507183278,
            0.23508924684370913,
            0.23683064867218107,
            0.23160644318676538,
            0.23726599912929913,
            0.24118415324336095,
            0.2377013495864171,
            0.2498911623857205,
            0.2572921201567262,
            0.27427078798432736,
            0.2851545494122769,
            0.3077927731824118,
            0.3164997823247715,
            0.32607749238136696
        ],
        "assertionsMetrics": [],
        "overridesMetrics": []
    },
    "tiMetrics": {
        "auc": 0.8160546978783558,
        "logLoss": 0.5201571424997199,
        "lift": 1.7443222873908288,
        "averagePrecision": 0.7198348945178394,
        "calibrationLoss": 0.09683828085629864
    },
    "probaPercentiles": [
        0.00012970827786095768,
        0.0003064998961170735,
        0.0005912420949393624,
        0.0009178857940178247,
        0.0015343979006504818,
        0.0028427386222700047,
        0.017942820454502,
        0.03374311795623798,
        0.04802785381745174,
        0.0690417476239542,
        0.08190161247389818,
        0.09237595378287206,
        0.09926744236216781,
        0.11125414646262727,
        0.12376952661155807,
        0.1323720506533152,
        0.13951064538196645,
        0.15241974236058237,
        0.15854865079220615,
        0.16759786192790033,
        0.17811825607097886,
        0.1845367032802377,
        0.19080134854502423,
        0.1964543735438202,
        0.20558532231745202,
        0.21181904442380717,
        0.22204371245497845,
        0.22621549886208744,
        0.23449830116675757,
        0.2430762825097475,
        0.25370195120255884,
        0.2663341733369131,
        0.27746291647573224,
        0.29075335929605034,
        0.2990936398550278,
        0.3046815777885098,
        0.3081502852881213,
        0.3107266382935668,
        0.31617190562227226,
        0.3206517598562588,
        0.3232944662145388,
        0.32773732641719056,
        0.3376890511838323,
        0.34310531100636055,
        0.3518089483466219,
        0.3709669422950808,
        0.3803966407339474,
        0.38797426984421624,
        0.39641069286715225,
        0.40579987491569913,
        0.4097304367147883,
        0.41458092733670504,
        0.4215089513555493,
        0.43606879502137375,
        0.44090087313508364,
        0.4524018884966861,
        0.45775792038664065,
        0.47705291070518546,
        0.4858404751477013,
        0.4934796405398305,
        0.507942966675078,
        0.5186949792903081,
        0.5263359728413766,
        0.5487139880532054,
        0.5597695413781633,
        0.5830398805255526,
        0.5946327980636238,
        0.6103168928180479,
        0.629698783227199,
        0.6452014495948102,
        0.655836518328393,
        0.6694112448517785,
        0.6789209749203204,
        0.6899028475432696,
        0.6988215729993642,
        0.706540418023821,
        0.7147940637072385,
        0.7218838230212212,
        0.7341189852252351,
        0.7451373843757174,
        0.762501635370669,
        0.7773576478536641,
        0.795376744463371,
        0.8099189160853798,
        0.8117289918735342,
        0.823232343453556,
        0.8344893053366887,
        0.8502387196524176,
        0.8560349616863232,
        0.8686284797734827,
        0.8815668210507348,
        0.8996796687335333,
        0.9085888788680889,
        0.923913371461184,
        0.9368840335771123,
        0.9506750178672607,
        0.9647644952290524,
        0.9885357483667124,
        0.9942221065106417
    ],
    "rocVizData": [
        [
            {
                "x": 0.0,
                "y": 0.0,
                "p": 1.999299722465521
            },
            {
                "x": 0.0020026702269692926,
                "y": 0.052565707133917394,
                "p": 0.9904333828889383
            },
            {
                "x": 0.006675567423230975,
                "y": 0.10262828535669587,
                "p": 0.958517696667138
            },
            {
                "x": 0.010680907877169559,
                "y": 0.1539424280350438,
                "p": 0.923913371461184
            },
            {
                "x": 0.012016021361815754,
                "y": 0.20275344180225283,
                "p": 0.9036369435373232
            },
            {
                "x": 0.019359145527369826,
                "y": 0.24780976220275344,
                "p": 0.877454477498968
            },
            {
                "x": 0.022029372496662217,
                "y": 0.29662077596996245,
                "p": 0.8502637462038536
            },
            {
                "x": 0.03137516688918558,
                "y": 0.3404255319148936,
                "p": 0.8247655214969227
            },
            {
                "x": 0.037383177570093455,
                "y": 0.3904881101376721,
                "p": 0.8100127766425469
            },
            {
                "x": 0.06008010680907877,
                "y": 0.4192740926157697,
                "p": 0.7666167532600615
            },
            {
                "x": 0.07343124165554073,
                "y": 0.45807259073842305,
                "p": 0.7360113246011679
            },
            {
                "x": 0.08811748998664887,
                "y": 0.49937421777221525,
                "p": 0.7147940637072385
            },
            {
                "x": 0.10614152202937249,
                "y": 0.5319148936170213,
                "p": 0.6948453363521107
            },
            {
                "x": 0.1315086782376502,
                "y": 0.55819774718398,
                "p": 0.6705650530275743
            },
            {
                "x": 0.157543391188251,
                "y": 0.5832290362953693,
                "p": 0.6403513272369958
            },
            {
                "x": 0.1822429906542056,
                "y": 0.6132665832290363,
                "p": 0.594551501174511
            },
            {
                "x": 0.19893190921228304,
                "y": 0.6470588235294118,
                "p": 0.5568782449341275
            },
            {
                "x": 0.21695594125500667,
                "y": 0.6808510638297872,
                "p": 0.5193323600842991
            },
            {
                "x": 0.24499332443257676,
                "y": 0.7083854818523154,
                "p": 0.48887220038617396
            },
            {
                "x": 0.281041388518024,
                "y": 0.7246558197747184,
                "p": 0.45540170412960745
            },
            {
                "x": 0.3037383177570093,
                "y": 0.753441802252816,
                "p": 0.4367727152187076
            },
            {
                "x": 0.32977303070761016,
                "y": 0.7784730913642053,
                "p": 0.4126599754211309
            },
            {
                "x": 0.3691588785046729,
                "y": 0.7909887359198998,
                "p": 0.39148744371231015
            },
            {
                "x": 0.3925233644859813,
                "y": 0.818523153942428,
                "p": 0.3708067082697963
            },
            {
                "x": 0.4272363150867824,
                "y": 0.8347934918648311,
                "p": 0.33818086129029784
            },
            {
                "x": 0.4472630173564753,
                "y": 0.8685857321652065,
                "p": 0.3232944662145388
            },
            {
                "x": 0.46929238985313754,
                "y": 0.8973717146433041,
                "p": 0.3113060336381761
            },
            {
                "x": 0.5100133511348465,
                "y": 0.9086357947434293,
                "p": 0.30020156103093254
            },
            {
                "x": 0.5453938584779706,
                "y": 0.9249061326658323,
                "p": 0.2710380064532019
            },
            {
                "x": 0.5814419225634179,
                "y": 0.9411764705882353,
                "p": 0.23666810861032175
            },
            {
                "x": 0.6201602136181575,
                "y": 0.9549436795994993,
                "p": 0.2153118199945436
            },
            {
                "x": 0.6682242990654206,
                "y": 0.9586983729662077,
                "p": 0.191260597386387
            },
            {
                "x": 0.7109479305740988,
                "y": 0.967459324155194,
                "p": 0.1675978619279003
            },
            {
                "x": 0.7510013351134847,
                "y": 0.9774718397997497,
                "p": 0.1396542751325114
            },
            {
                "x": 0.7937249666221629,
                "y": 0.9849812265331664,
                "p": 0.11125414646262727
            },
            {
                "x": 0.8337783711615487,
                "y": 0.9949937421777222,
                "p": 0.08193270544274202
            },
            {
                "x": 0.8805073431241656,
                "y": 0.9987484355444305,
                "p": 0.028470966223995565
            },
            {
                "x": 0.9305740987983978,
                "y": 1.0,
                "p": 0.001288266155322273
            },
            {
                "x": 0.986648865153538,
                "y": 1.0,
                "p": 0.00010000650950900236
            },
            {
                "x": 1.0,
                "y": 1.0,
                "p": 1.688745488164599e-07
            }
        ]
    ],
    "liftVizData": {
        "bins": [
            {
                "bin_pos_prop": 0.8739130435,
                "bin_lift": 2.5123632802,
                "cum_lift": 0.2515644556,
                "cum_size": 0.1001306051,
                "bin_min": 0.8686284798,
                "bin_max": 0.9992997225,
                "percentile_idx": 0
            },
            {
                "bin_pos_prop": 0.6826086957,
                "bin_lift": 1.9623932089,
                "cum_lift": 0.4480600751,
                "cum_size": 0.2002612103,
                "bin_min": 0.7451373844,
                "bin_max": 0.8686284798,
                "percentile_idx": 1
            },
            {
                "bin_pos_prop": 0.454954955,
                "bin_lift": 1.3079243198,
                "cum_lift": 0.5744680851,
                "cum_size": 0.2969090118,
                "bin_min": 0.6452014496,
                "bin_max": 0.7451373844,
                "percentile_idx": 2
            },
            {
                "bin_pos_prop": 0.4135021097,
                "bin_lift": 1.1887538748,
                "cum_lift": 0.6971214018,
                "cum_size": 0.4000870701,
                "bin_min": 0.4934796405,
                "bin_max": 0.6452014496,
                "percentile_idx": 3
            },
            {
                "bin_pos_prop": 0.3144104803,
                "bin_lift": 0.9038809429,
                "cum_lift": 0.7872340426,
                "cum_size": 0.4997823248,
                "bin_min": 0.4057998749,
                "bin_max": 0.4934796405,
                "percentile_idx": 4
            },
            {
                "bin_pos_prop": 0.3215859031,
                "bin_lift": 0.9245091607,
                "cum_lift": 0.8785982478,
                "cum_size": 0.5986068785,
                "bin_min": 0.3206517599,
                "bin_max": 0.4057998749,
                "percentile_idx": 5
            },
            {
                "bin_pos_prop": 0.2103004292,
                "bin_lift": 0.6045808333,
                "cum_lift": 0.9399249061,
                "cum_size": 0.700043535,
                "bin_min": 0.2430762825,
                "bin_max": 0.3206517599,
                "percentile_idx": 6
            },
            {
                "bin_pos_prop": 0.0973451327,
                "bin_lift": 0.2798520274,
                "cum_lift": 0.9674593242,
                "cum_size": 0.7984327384,
                "bin_min": 0.1675978619,
                "bin_max": 0.2430762825,
                "percentile_idx": 7
            },
            {
                "bin_pos_prop": 0.1030042918,
                "bin_lift": 0.2961212245,
                "cum_lift": 0.9974968711,
                "cum_size": 0.8998693949,
                "bin_min": 0.0690417476,
                "bin_max": 0.1675978619,
                "percentile_idx": 8
            },
            {
                "bin_pos_prop": 0.0086956522,
                "bin_lift": 0.0249986396,
                "cum_lift": 1.0,
                "cum_size": 1.0,
                "bin_min": 1.689e-07,
                "bin_max": 0.0690417476,
                "percentile_idx": 9
            }
        ],
        "wizard": {
            "positives": 799,
            "total": 2297
        }
    },
    "prVizData": [
        {
            "bins": [
                {
                    "x": 1.0,
                    "y": 0.3733644859813084,
                    "p": 0.010739500517652672
                },
                {
                    "x": 0.983729662077597,
                    "y": 0.4028703229113275,
                    "p": 0.12485575171222182
                },
                {
                    "x": 0.9649561952440551,
                    "y": 0.4290484140233723,
                    "p": 0.18380420077409682
                },
                {
                    "x": 0.9461827284105131,
                    "y": 0.45542168674698796,
                    "p": 0.22507950225872092
                },
                {
                    "x": 0.9249061326658323,
                    "y": 0.4780077619663648,
                    "p": 0.27620398929893253
                },
                {
                    "x": 0.9023779724655819,
                    "y": 0.49861687413554634,
                    "p": 0.308300511138941
                },
                {
                    "x": 0.8685857321652065,
                    "y": 0.5080527086383602,
                    "p": 0.322870441933096
                },
                {
                    "x": 0.8322903629536921,
                    "y": 0.5111452728670254,
                    "p": 0.3414568087368521
                },
                {
                    "x": 0.8072590738423029,
                    "y": 0.5282555282555282,
                    "p": 0.3787830710780956
                },
                {
                    "x": 0.7834793491864831,
                    "y": 0.5486415425065732,
                    "p": 0.40664004230443623
                },
                {
                    "x": 0.7634543178973717,
                    "y": 0.5716963448922212,
                    "p": 0.4306769921682025
                },
                {
                    "x": 0.7321652065081352,
                    "y": 0.5786350148367952,
                    "p": 0.45241922709884225
                },
                {
                    "x": 0.7096370463078848,
                    "y": 0.5981012658227848,
                    "p": 0.48528594170835726
                },
                {
                    "x": 0.6871088861076345,
                    "y": 0.6196388261851016,
                    "p": 0.5120488391252203
                },
                {
                    "x": 0.6595744680851063,
                    "y": 0.6326530612244898,
                    "p": 0.5413390335629397
                },
                {
                    "x": 0.6282853566958698,
                    "y": 0.638676844783715,
                    "p": 0.5781764463717735
                },
                {
                    "x": 0.5982478097622027,
                    "y": 0.6468200270635994,
                    "p": 0.6059524159742592
                },
                {
                    "x": 0.574468085106383,
                    "y": 0.6642547033285094,
                    "p": 0.6452014495948103
                },
                {
                    "x": 0.55819774718398,
                    "y": 0.6936236391912908,
                    "p": 0.6705650530275743
                },
                {
                    "x": 0.5369211514392991,
                    "y": 0.7161936560934892,
                    "p": 0.6894353200981359
                },
                {
                    "x": 0.5131414267834794,
                    "y": 0.7321428571428571,
                    "p": 0.7030974014115012
                },
                {
                    "x": 0.4856070087609512,
                    "y": 0.7461538461538462,
                    "p": 0.7148552823831382
                },
                {
                    "x": 0.4643304130162703,
                    "y": 0.7697095435684648,
                    "p": 0.7343809733530385
                },
                {
                    "x": 0.43178973717146435,
                    "y": 0.773542600896861,
                    "p": 0.7522659797262412
                },
                {
                    "x": 0.4130162703379224,
                    "y": 0.7971014492753623,
                    "p": 0.7776473049923345
                },
                {
                    "x": 0.3967459324155194,
                    "y": 0.8255208333333334,
                    "p": 0.7986152728400092
                },
                {
                    "x": 0.37296620775969963,
                    "y": 0.8441926345609065,
                    "p": 0.8114520740696626
                },
                {
                    "x": 0.3404255319148936,
                    "y": 0.8526645768025078,
                    "p": 0.8247655214969227
                },
                {
                    "x": 0.311639549436796,
                    "y": 0.867595818815331,
                    "p": 0.8483606750411453
                },
                {
                    "x": 0.27909887359199,
                    "y": 0.8814229249011858,
                    "p": 0.8568512835428955
                },
                {
                    "x": 0.2428035043804756,
                    "y": 0.8858447488584474,
                    "p": 0.8812050571659407
                },
                {
                    "x": 0.2202753441802253,
                    "y": 0.9025641025641026,
                    "p": 0.8954085179148474
                },
                {
                    "x": 0.1739674593241552,
                    "y": 0.8853503184713376,
                    "p": 0.9132165877475785
                },
                {
                    "x": 0.13516896120150187,
                    "y": 0.8709677419354839,
                    "p": 0.9258441665873024
                },
                {
                    "x": 0.1113892365456821,
                    "y": 0.8811881188118812,
                    "p": 0.9426766563304112
                },
                {
                    "x": 0.08260325406758448,
                    "y": 0.868421052631579,
                    "p": 0.9596862419048311
                },
                {
                    "x": 0.07509386733416772,
                    "y": 0.8955223880597015,
                    "p": 0.9732055642851933
                },
                {
                    "x": 0.052565707133917394,
                    "y": 0.875,
                    "p": 0.9880340772667854
                },
                {
                    "x": 0.052565707133917394,
                    "y": 0.9333333333333333,
                    "p": 0.9904333828889383
                },
                {
                    "x": 0.03629536921151439,
                    "y": 0.9354838709677419,
                    "p": 0.9925931497883028
                },
                {
                    "x": 0.02753441802252816,
                    "y": 0.9565217391304348,
                    "p": 0.9965133103451507
                },
                {
                    "x": 0.02002503128911139,
                    "y": 1.0,
                    "p": 0.9973235591247033
                },
                {
                    "x": 0.012515644555694618,
                    "y": 1.0,
                    "p": 0.999299722465521
                }
            ],
            "positiveRate": 0.347845015237266
        }
    ],
    "densityData": {
        "0.0": {
            "actualIsThisClass": [
                0.07241485017711127,
                0.08227366919643865,
                0.09241641227269785,
                0.1028655536492173,
                0.11371334468019946,
                0.12511772165218868,
                0.13728847094064642,
                0.1504653957063045,
                0.16489143649002397,
                0.18078443542370218,
                0.19831145592807556,
                0.21756929696947916,
                0.23857410749006183,
                0.26126183361161126,
                0.28549964449317855,
                0.3111065722308305,
                0.3378795903786019,
                0.36561963408822334,
                0.39415114305297944,
                0.4233290835646002,
                0.45302936902163365,
                0.48312205129025737,
                0.5134310220684442,
                0.5436882545983426,
                0.5734936600848387,
                0.6022924152572718,
                0.6293796191582914,
                0.6539375528528412,
                0.6751045575586588,
                0.6920680211701731,
                0.7041686847051535,
                0.7110006485546921,
                0.7124916389385323,
                0.7089511028586899,
                0.7010787139595515,
                0.6899317234335509,
                0.6768551167886548,
                0.6633828776652052,
                0.6511214019696999,
                0.6416272596377954,
                0.636291337625299,
                0.6362402362190911,
                0.6422638410062704,
                0.6547753142679684,
                0.6738063452104139,
                0.6990364902388075,
                0.7298512218245915,
                0.7654196021299429,
                0.8047801916797771,
                0.8469236466446707,
                0.8908627113630265,
                0.9356844954618434,
                0.9805848275708374,
                1.0248884942267613,
                1.0680608810257135,
                1.1097153132631845,
                1.1496168122440917,
                1.1876787282518004,
                1.2239460146333387,
                1.2585596324638024,
                1.291701308406282,
                1.3235254283707134,
                1.3540924948303799,
                1.383322927467548,
                1.4109883703199737,
                1.4367493516620455,
                1.4602349340117862,
                1.4811458730931186,
                1.4993526524948397,
                1.5149575905260209,
                1.5282976161944009,
                1.5398796934654932,
                1.550259860566612,
                1.5598936972700537,
                1.5689955502460153,
                1.577443138086901,
                1.5847535274419755,
                1.590139212450429,
                1.592634214681706,
                1.5912648804189242,
                1.5852319669123305,
                1.5740707637981122,
                1.5577629597079847,
                1.5367846195365862,
                1.5120854881221686,
                1.4850032901741266,
                1.4571218713280623,
                1.4300848023141708,
                1.4053784098460589,
                1.384102001076619,
                1.3667489851448398,
                1.3530294202441755,
                1.3417691858240988,
                1.3309196545900646,
                1.3177013683834986,
                1.2988851729358988,
                1.2711873032313175,
                1.231727010794658,
                1.1784741989932257,
                1.1106072411861427
            ],
            "actualIsNotThisClass": [
                1.0042773942516037,
                1.1073977219503413,
                1.2069791808025427,
                1.301167010199656,
                1.3883297326023205,
                1.4671074868329217,
                1.5364373660714787,
                1.595558949488318,
                1.644005342711406,
                1.6815857931713318,
                1.7083652983404476,
                1.7246448418301326,
                1.730943459616931,
                1.7279808601476894,
                1.7166574000207662,
                1.6980273350165143,
                1.6732616926701904,
                1.6435988385216596,
                1.6102835336469032,
                1.5744984558880257,
                1.5372950767673168,
                1.499532730521386,
                1.4618351042704643,
                1.4245719294337533,
                1.3878704550652756,
                1.3516568193974114,
                1.3157225094723073,
                1.2798066728099615,
                1.2436820360431693,
                1.2072312578313849,
                1.170501953625298,
                1.1337321595263314,
                1.0973429980663227,
                1.0619008197231747,
                1.0280560762487927,
                0.9964697181913359,
                0.9677393958483004,
                0.9423370025762879,
                0.9205663957451018,
                0.9025460904824837,
                0.8882171849568841,
                0.8773726139061973,
                0.8697007655423745,
                0.8648349866476919,
                0.8624006532300743,
                0.8620530813082877,
                0.8635021197055409,
                0.8665221902971112,
                0.8709492021100325,
                0.876667665036996,
                0.8835921808378624,
                0.8916472666493243,
                0.9007483927352744,
                0.9107856038296667,
                0.9216096401422706,
                0.933019539115841,
                0.9447505828121159,
                0.956462213488014,
                0.9677269526227014,
                0.978022976096542,
                0.9867342490485781,
                0.9931624707154928,
                0.9965541799773583,
                0.9961442012413392,
                0.9912135034697938,
                0.9811561448089727,
                0.9655470843041066,
                0.9442010222721292,
                0.9172125983831798,
                0.8849703539886642,
                0.8481405328883066,
                0.8076213572803763,
                0.7644729677793447,
                0.7198318607898807,
                0.674820714415104,
                0.6304646522394686,
                0.5876233530944582,
                0.5469454314746671,
                0.5088478641800791,
                0.4735196454599721,
                0.44094591936721433,
                0.4109469399703065,
                0.3832254562271502,
                0.35741638092301126,
                0.3331335972929816,
                0.31001013942303063,
                0.2877294398290511,
                0.26604664447611626,
                0.24480003513007786,
                0.223913349966473,
                0.20339029605608366,
                0.1833028643800607,
                0.16377524294714277,
                0.144965204414672,
                0.12704482365903452,
                0.11018224631496155,
                0.09452597224620472,
                0.08019274567600287,
                0.06725968698462542,
                0.05576081136201685
            ],
            "actualIsThisClassMedian": 0.6962513450221521,
            "actualIsNotThisClassMedian": 0.2911228101502755
        },
        "1.0": {
            "actualIsThisClass": [
                0.055760811362016625,
                0.0672596869846256,
                0.08019274567600301,
                0.09452597224620497,
                0.11018224631496117,
                0.12704482365903508,
                0.14496520441467176,
                0.16377524294714363,
                0.18330286438006085,
                0.2033902960560831,
                0.22391334996647141,
                0.24480003513007895,
                0.2660466444761191,
                0.2877294398290513,
                0.3100101394230301,
                0.33313359729298425,
                0.3574163809230119,
                0.3832254562271502,
                0.4109469399703069,
                0.44094591936721667,
                0.4735196454599713,
                0.5088478641800804,
                0.546945431474672,
                0.5876233530944577,
                0.6304646522394763,
                0.6748207144151124,
                0.7198318607898865,
                0.7644729677793379,
                0.8076213572803806,
                0.8481405328883134,
                0.8849703539886634,
                0.9172125983831774,
                0.9442010222721141,
                0.9655470843041177,
                0.9811561448089623,
                0.9912135034697973,
                0.9961442012413427,
                0.9965541799773627,
                0.9931624707154831,
                0.9867342490485842,
                0.9780229760965445,
                0.9677269526227014,
                0.9564622134880165,
                0.9447505828121026,
                0.9330195391158368,
                0.9216096401422853,
                0.9107856038296667,
                0.90074839273528,
                0.8916472666493171,
                0.8835921808378545,
                0.8766676650369999,
                0.8709492021100371,
                0.8665221902971204,
                0.8635021197055486,
                0.8620530813082892,
                0.8624006532300759,
                0.8648349866477058,
                0.8697007655423714,
                0.877372613906198,
                0.8882171849568943,
                0.9025460904824941,
                0.9205663957451018,
                0.9423370025762937,
                0.9677393958483038,
                0.9964697181913243,
                1.0280560762487836,
                1.0619008197231428,
                1.0973429980663227,
                1.1337321595263254,
                1.1705019536252896,
                1.2072312578313913,
                1.2436820360431518,
                1.2798066728099706,
                1.315722509472313,
                1.3516568193973912,
                1.3878704550652694,
                1.4245719294337709,
                1.4618351042704734,
                1.4995327305213686,
                1.5372950767673332,
                1.5744984558880257,
                1.610283533646919,
                1.6435988385216755,
                1.6732616926701667,
                1.698027335016519,
                1.7166574000207875,
                1.7279808601476894,
                1.7309434596169466,
                1.7246448418301432,
                1.7083652983404627,
                1.6815857931713423,
                1.644005342711406,
                1.5955589494883278,
                1.5364373660714843,
                1.4671074868329335,
                1.3883297326023107,
                1.3011670101996708,
                1.2069791808025503,
                1.1073977219503355,
                1.00427739425161
            ],
            "actualIsNotThisClass": [
                1.1106072411861396,
                1.1784741989932257,
                1.2317270107946625,
                1.2711873032313243,
                1.2988851729358897,
                1.3177013683835082,
                1.330919654590081,
                1.3417691858240977,
                1.35302942024419,
                1.366748985144846,
                1.3841020010766312,
                1.405378409846049,
                1.4300848023141923,
                1.4571218713280778,
                1.485003290174128,
                1.5120854881221566,
                1.536784619536597,
                1.5577629597079887,
                1.574070763798115,
                1.5852319669123065,
                1.5912648804189284,
                1.5926342146817232,
                1.5901392124503992,
                1.5847535274419995,
                1.577443138086922,
                1.568995550246032,
                1.5598936972700495,
                1.5502598605665818,
                1.5398796934655317,
                1.5282976161944009,
                1.514957590526029,
                1.4993526524948677,
                1.4811458730931424,
                1.4602349340117966,
                1.4367493516620584,
                1.4109883703199675,
                1.3833229274675491,
                1.3540924948304207,
                1.32352542837069,
                1.2917013084062785,
                1.258559632463807,
                1.223946014633343,
                1.1876787282518024,
                1.1496168122440866,
                1.1097153132631719,
                1.0680608810257126,
                1.024888494226763,
                0.9805848275708234,
                0.9356844954618567,
                0.890862711363021,
                0.8469236466446782,
                0.8047801916797784,
                0.7654196021299361,
                0.7298512218245967,
                0.6990364902387982,
                0.6738063452104007,
                0.6547753142679568,
                0.6422638410062717,
                0.6362402362190905,
                0.6362913376252922,
                0.6416272596378,
                0.6511214019697062,
                0.6633828776652082,
                0.676855116788656,
                0.6899317234335466,
                0.7010787139595452,
                0.7089511028586942,
                0.7124916389385348,
                0.7110006485546908,
                0.7041686847051591,
                0.6920680211701625,
                0.6751045575586576,
                0.6539375528528487,
                0.6293796191582943,
                0.6022924152572707,
                0.573493660084832,
                0.543688254598346,
                0.5134310220684433,
                0.483122051290257,
                0.45302936902163204,
                0.42332908356460325,
                0.3941511430529819,
                0.36561963408822107,
                0.337879590378601,
                0.31110657223082994,
                0.2854996444931775,
                0.26126183361161104,
                0.23857410749006142,
                0.21756929696947858,
                0.19831145592807536,
                0.18078443542370187,
                0.16489143649002366,
                0.15046539570630355,
                0.13728847094064617,
                0.125117721652188,
                0.11371334468019996,
                0.10286555364921748,
                0.09241641227269719,
                0.08227366919643865,
                0.07241485017711133
            ],
            "actualIsThisClassMedian": 0.7088771898497245,
            "actualIsNotThisClassMedian": 0.30374865497784787
        }
    },
    "calibrationData": [
        {
            "y": 0,
            "x": 0,
            "n": 0
        },
        {
            "y": 0.023333333333333334,
            "x": 0.03036906346587008,
            "n": 300.0
        },
        {
            "y": 0.10606060606060606,
            "x": 0.15588522827398021,
            "n": 264.0
        },
        {
            "y": 0.15637860082304528,
            "x": 0.2466801772105757,
            "n": 243.0
        },
        {
            "y": 0.29393939393939394,
            "x": 0.34047317689213064,
            "n": 330.0
        },
        {
            "y": 0.296,
            "x": 0.4444814907955269,
            "n": 250.0
        },
        {
            "y": 0.463855421686747,
            "x": 0.5485878157207271,
            "n": 166.0
        },
        {
            "y": 0.37714285714285717,
            "x": 0.6592277458264617,
            "n": 175.0
        },
        {
            "y": 0.5052083333333334,
            "x": 0.7433448522077818,
            "n": 192.0
        },
        {
            "y": 0.7794871794871795,
            "x": 0.847082460282182,
            "n": 195.0
        },
        {
            "y": 0.8956043956043956,
            "x": 0.95285485373176,
            "n": 182.0
        },
        {
            "y": 1,
            "x": 1,
            "n": 0
        }
    ],
    "probaDistribData": {
        "bins": [
            0.0,
            0.1,
            0.2,
            0.3,
            0.4,
            0.5,
            0.6,
            0.7,
            0.8,
            0.9,
            1.0
        ],
        "probaDistribs": [
            [
                293.0,
                236.0,
                205.0,
                233.0,
                176.0,
                89.0,
                109.0,
                95.0,
                43.0,
                19.0
            ],
            [
                7.0,
                28.0,
                38.0,
                97.0,
                74.0,
                77.0,
                66.0,
                97.0,
                152.0,
                163.0
            ]
        ]
    },
    "globalMetrics": {
        "testWeight": 2297,
        "targetAvg": [
            0.347845015237266
        ],
        "targetStd": [
            0.47639024169310096
        ],
        "predictionAvg": [
            0.46626033957335655
        ],
        "predictionStd": [
            0.4988603364813591
        ]
    }
}