{
  "state": "DONE",
  "preSearchDescription": {
    "gridLength": 5,
    "searchStrategy": "GRID",
    "importantParams": [
      {
        "name": "penalty",
        "vals": [
          "l2"
        ]
      },
      {
        "name": "C",
        "vals": [
          "0.01",
          "0.1",
          "1.0",
          "10.0",
          "100.0"
        ]
      }
    ]
  },
  "postSearchDescription": {
    "importantParams": [
      {
        "name": "C",
        "val": "100.0"
      },
      {
        "name": "penalty",
        "val": "l2"
      }
    ]
  },
  "resumed": false,
  "timeOrderingEnabled": false,
  "sampleWeightsEnabled": false,
  "modelId": "m1",
  "progress": {
    "top_level_todo": [],
    "stack": [],
    "top_level_done": [
      {
        "name": "Loading train set",
        "time": 96
      },
      {
        "name": "Loading test set",
        "time": 21
      },
      {
        "name": "Collecting statistics",
        "time": 31
      },
      {
        "name": "Preprocessing train set",
        "time": 156
      },
      {
        "name": "Preprocessing test set",
        "time": 29
      },
      {
        "name": "Hyperparameter searching",
        "time": 9063
      },
      {
        "name": "Fitting model",
        "time": 135
      },
      {
        "name": "Saving model",
        "time": 17
      },
      {
        "name": "Scoring model",
        "time": 4389
      },
      {
        "name": "Preparing explainability",
        "time": 3963
      }
    ]
  },
  "startTime": 1706743097134,
  "endTime": 1706743115139,
  "preprocessingTime": 431,
  "trainingTime": 17574,
  "hyperparamsSearchTime": 9063,
  "pythonVersion": "3.6.8"
}