{
  "starred": false,
  "clusterMetas": {},
  "customMeta": {
    "kv": {}
  },
  "tags": [],
  "activeClassifierThreshold": 0.425,
  "description": "",
  "name": "Logistic Regression (s2)",
  "labels": [
    {
      "key": "trainDataset:dataset-name",
      "value": "row_logs_train"
    },
    {
      "key": "testDataset:dataset-name",
      "value": "row_logs_train"
    },
    {
      "key": "evaluationDataset:dataset-name",
      "value": "row_logs_train"
    },
    {
      "key": "model:algorithm",
      "value": "LOGISTIC_REGRESSION"
    },
    {
      "key": "model:name",
      "value": "Logistic Regression (s2)"
    },
    {
      "key": "model:date",
      "value": "2024-01-31T23:18:35.139+0000"
    },
    {
      "key": "evaluation:date",
      "value": "2024-01-31T23:18:35.139+0000"
    }
  ]
}