{
    "featuresDistribution": {
        "server_ts": {
            "type": "CATEGORY",
            "nbDistinct": 621,
            "count": 9119,
            "missingCount": 0.0,
            "values": {
                "scale": [
                    "2014-03-28-14",
                    "2014-03-28-15",
                    "2014-03-31-08",
                    "2014-03-31-14",
                    "2014-03-31-09",
                    "2014-03-31-11",
                    "2014-03-17-16",
                    "2014-03-23-20",
                    "2014-03-26-09",
                    "2014-03-03-15",
                    "2014-03-26-16",
                    "2014-03-25-13",
                    "2014-03-31-07",
                    "2014-03-29-13",
                    "2014-03-24-16",
                    "2014-03-21-10",
                    "2014-03-28-19",
                    "2014-03-04-13",
                    "2014-03-21-17",
                    "2014-03-14-11",
                    "2014-03-31-06",
                    "2014-03-18-12",
                    "2014-03-28-20",
                    "2014-03-05-12",
                    "2014-03-04-09",
                    "2014-03-26-13",
                    "2014-03-28-13",
                    "2014-03-03-08",
                    "2014-03-31-20",
                    "2014-03-11-12",
                    "2014-03-12-17",
                    "2014-03-03-14",
                    "2014-03-18-09",
                    "2014-03-28-12",
                    "2014-03-07-17",
                    "2014-03-27-12",
                    "2014-03-22-08",
                    "2014-03-31-12",
                    "2014-03-05-04",
                    "2014-03-12-16",
                    "2014-03-31-13",
                    "2014-03-28-17",
                    "2014-03-04-17",
                    "2014-03-31-15",
                    "2014-03-13-17",
                    "2014-03-24-12",
                    "2014-03-07-08",
                    "2014-03-30-21",
                    "2014-03-07-07",
                    "2014-03-04-10",
                    "2014-03-21-21",
                    "2014-03-18-19",
                    "2014-03-28-16",
                    "2014-03-06-16",
                    "2014-03-10-20",
                    "2014-03-25-16",
                    "2014-03-07-09",
                    "2014-03-17-17",
                    "2014-03-12-21",
                    "2014-03-03-11",
                    "2014-03-06-09",
                    "2014-03-08-16",
                    "2014-03-28-09",
                    "2014-03-21-14",
                    "2014-03-29-12",
                    "2014-03-31-18",
                    "2014-03-16-18",
                    "2014-03-03-10",
                    "2014-03-26-14",
                    "2014-03-05-11",
                    "2014-03-12-12",
                    "2014-03-05-15",
                    "2014-03-26-15",
                    "2014-03-14-21",
                    "2014-03-20-20",
                    "2014-03-04-12",
                    "2014-03-25-10",
                    "2014-03-17-13",
                    "2014-03-12-14",
                    "2014-03-13-12",
                    "2014-03-28-18",
                    "2014-03-04-11",
                    "2014-03-25-12",
                    "2014-03-30-12",
                    "2014-03-31-17",
                    "2014-03-25-15",
                    "2014-03-21-08",
                    "2014-03-27-15",
                    "2014-03-27-09",
                    "2014-03-28-23",
                    "2014-03-06-18",
                    "2014-03-17-15",
                    "2014-03-17-11",
                    "2014-03-03-09",
                    "2014-03-29-01",
                    "2014-03-27-13",
                    "2014-03-24-20",
                    "2014-03-09-13",
                    "2014-03-14-07",
                    "2014-03-29-23",
                    "2014-03-13-08",
                    "2014-03-07-06",
                    "2014-03-05-16",
                    "2014-03-04-22",
                    "2014-03-04-16",
                    "2014-03-24-13",
                    "2014-03-29-16",
                    "2014-03-29-17",
                    "2014-03-30-16",
                    "2014-03-18-14",
                    "2014-03-06-10",
                    "2014-03-31-19",
                    "2014-03-10-16",
                    "2014-03-05-00",
                    "2014-03-03-18",
                    "2014-03-27-17",
                    "2014-03-27-11",
                    "2014-03-30-08",
                    "2014-03-06-19",
                    "2014-03-06-17",
                    "2014-03-24-10",
                    "2014-03-04-21",
                    "2014-03-26-12",
                    "2014-03-01-11",
                    "2014-03-14-16",
                    "2014-03-13-21",
                    "2014-03-04-14",
                    "2014-03-18-21",
                    "2014-03-07-15",
                    "2014-03-27-19",
                    "2014-03-31-10",
                    "2014-03-02-20",
                    "2014-03-05-14",
                    "2014-03-26-21",
                    "2014-03-06-15",
                    "2014-03-05-17",
                    "2014-03-27-08",
                    "2014-03-26-08",
                    "2014-03-04-01",
                    "2014-03-05-21",
                    "2014-03-04-15",
                    "2014-03-25-20",
                    "2014-03-10-09",
                    "2014-03-14-03",
                    "2014-03-11-17",
                    "2014-03-28-22",
                    "2014-03-06-13",
                    "2014-03-03-22",
                    "2014-03-10-01",
                    "2014-03-17-10",
                    "2014-03-29-21",
                    "2014-03-03-19",
                    "2014-03-03-13",
                    "2014-03-03-20",
                    "2014-03-10-15",
                    "2014-03-14-19",
                    "2014-03-27-16",
                    "2014-03-26-05",
                    "2014-03-07-12",
                    "2014-03-10-14",
                    "2014-03-25-14",
                    "2014-03-24-15",
                    "2014-03-30-20",
                    "2014-03-03-06",
                    "2014-03-04-00",
                    "2014-03-22-14",
                    "2014-03-26-19",
                    "2014-03-31-16",
                    "2014-03-28-11",
                    "2014-03-07-10",
                    "2014-03-12-15",
                    "2014-03-24-14",
                    "2014-03-11-08",
                    "2014-03-13-09",
                    "2014-03-27-07",
                    "2014-03-14-10",
                    "2014-03-16-23",
                    "2014-03-13-16",
                    "2014-03-05-09",
                    "2014-03-14-12",
                    "2014-03-29-14",
                    "2014-03-18-13",
                    "2014-03-30-18",
                    "2014-03-11-14",
                    "2014-03-14-15",
                    "2014-03-13-14",
                    "2014-03-13-15",
                    "2014-03-29-15",
                    "2014-03-30-13",
                    "2014-03-28-10",
                    "2014-03-27-14",
                    "2014-03-12-06",
                    "2014-03-11-16",
                    "2014-03-21-13",
                    "2014-03-14-14",
                    "2014-03-06-20",
                    "2014-03-26-17",
                    "2014-03-21-16",
                    "2014-03-20-23",
                    "2014-03-07-14",
                    "2014-03-18-08",
                    "2014-03-09-16",
                    "2014-03-12-13",
                    "2014-03-30-02",
                    "2014-03-12-18",
                    "2014-03-13-02",
                    "2014-03-07-13",
                    "2014-03-25-09",
                    "2014-03-12-02",
                    "2014-03-03-16",
                    "2014-03-15-14",
                    "2014-03-11-20",
                    "2014-03-02-22",
                    "2014-03-21-09",
                    "2014-03-06-11",
                    "2014-03-26-10",
                    "2014-03-17-19",
                    "2014-03-22-04",
                    "2014-03-06-01",
                    "2014-03-14-06",
                    "2014-03-22-05",
                    "2014-03-21-01",
                    "2014-03-30-23",
                    "2014-03-14-04",
                    "2014-03-22-09",
                    "2014-03-22-15",
                    "2014-03-24-18",
                    "2014-03-27-10",
                    "2014-03-16-08",
                    "2014-03-24-17",
                    "2014-02-28-23",
                    "2014-03-08-04",
                    "2014-03-08-10",
                    "2014-03-07-18",
                    "2014-03-07-21",
                    "2014-03-02-14",
                    "2014-03-06-14",
                    "2014-03-03-01",
                    "2014-03-02-16",
                    "2014-03-25-18",
                    "2014-03-29-11",
                    "2014-03-14-13",
                    "2014-03-30-22",
                    "2014-03-17-09",
                    "2014-03-24-19",
                    "2014-03-04-19",
                    "2014-03-31-05",
                    "2014-03-05-10",
                    "2014-03-26-18",
                    "2014-03-11-15",
                    "2014-03-14-08",
                    "2014-03-17-20",
                    "2014-03-21-06",
                    "2014-03-10-11",
                    "2014-03-24-11",
                    "2014-03-16-11",
                    "2014-03-02-21",
                    "2014-03-24-05",
                    "2014-03-03-12",
                    "2014-03-22-10",
                    "2014-03-17-14",
                    "2014-03-16-22",
                    "2014-03-27-05",
                    "2014-03-23-13",
                    "2014-03-03-23",
                    "2014-03-23-21",
                    "2014-03-24-09",
                    "2014-03-27-01",
                    "2014-03-10-13",
                    "2014-03-05-18",
                    "2014-03-21-15",
                    "2014-03-24-06",
                    "2014-03-18-22",
                    "2014-03-10-10",
                    "2014-03-10-08",
                    "2014-03-30-19",
                    "2014-03-03-17",
                    "2014-03-12-10",
                    "2014-03-25-23",
                    "2014-03-11-02",
                    "2014-03-11-10",
                    "2014-03-18-16",
                    "2014-03-25-11",
                    "2014-03-18-17",
                    "2014-03-09-09",
                    "2014-03-22-12",
                    "2014-03-31-03",
                    "2014-03-30-14",
                    "2014-03-08-00",
                    "2014-03-13-10",
                    "2014-03-12-11",
                    "2014-03-13-13",
                    "2014-03-04-18",
                    "2014-03-05-08",
                    "2014-03-27-22",
                    "2014-03-30-06",
                    "2014-03-05-22",
                    "2014-03-15-20",
                    "2014-03-29-18",
                    "2014-03-21-11",
                    "2014-03-26-11",
                    "2014-03-30-11",
                    "2014-03-24-21",
                    "2014-03-18-20",
                    "2014-03-12-19",
                    "2014-03-05-01",
                    "2014-03-29-08",
                    "2014-03-11-01",
                    "2014-03-10-18",
                    "2014-03-04-02",
                    "2014-03-05-19",
                    "2014-03-18-10",
                    "2014-03-17-04",
                    "2014-03-29-10",
                    "2014-03-28-21",
                    "2014-03-09-12",
                    "2014-03-05-20",
                    "2014-03-29-09",
                    "2014-03-18-23",
                    "2014-03-16-15",
                    "2014-03-29-07",
                    "2014-03-18-15",
                    "2014-03-18-00",
                    "2014-03-20-21",
                    "2014-03-01-13",
                    "2014-03-27-00",
                    "2014-03-25-21",
                    "2014-03-01-16",
                    "2014-03-06-21",
                    "2014-03-25-08",
                    "2014-03-11-13",
                    "2014-03-13-05",
                    "2014-03-07-00",
                    "2014-03-13-22",
                    "2014-03-10-17",
                    "2014-03-10-12",
                    "2014-03-15-22",
                    "2014-03-26-04",
                    "2014-03-04-07",
                    "2014-03-27-18",
                    "2014-03-27-20",
                    "2014-03-27-23",
                    "2014-03-15-19",
                    "2014-03-22-02",
                    "2014-03-28-07",
                    "2014-03-15-08",
                    "2014-03-04-20",
                    "2014-03-25-17",
                    "2014-03-06-05",
                    "2014-03-25-22",
                    "2014-03-22-03",
                    "2014-03-23-09",
                    "2014-03-25-02",
                    "2014-03-23-12",
                    "2014-03-22-18",
                    "2014-03-22-21",
                    "2014-03-04-08",
                    "2014-03-24-08",
                    "2014-03-08-17",
                    "2014-03-08-18",
                    "2014-03-04-05",
                    "2014-03-06-23",
                    "2014-03-11-19",
                    "2014-03-29-02",
                    "2014-03-13-19",
                    "2014-03-02-13",
                    "2014-03-30-15",
                    "2014-03-14-01",
                    "2014-03-09-22",
                    "2014-03-17-08",
                    "2014-03-30-00",
                    "2014-03-12-00",
                    "2014-03-10-22",
                    "2014-03-12-09",
                    "2014-03-18-06",
                    "2014-03-22-16",
                    "2014-03-23-04",
                    "2014-03-06-03",
                    "2014-03-23-16",
                    "2014-03-08-06",
                    "2014-03-21-18",
                    "2014-03-21-19",
                    "2014-03-25-05",
                    "2014-03-28-00",
                    "2014-03-21-22",
                    "2014-03-01-20",
                    "2014-03-12-08",
                    "2014-03-28-08",
                    "2014-03-30-10",
                    "2014-03-01-15",
                    "2014-03-22-22",
                    "2014-03-11-06",
                    "2014-03-15-12",
                    "2014-03-25-19",
                    "2014-03-09-19",
                    "2014-03-30-17",
                    "2014-03-09-15",
                    "2014-03-11-18",
                    "2014-03-05-13",
                    "2014-03-09-06",
                    "2014-03-10-19",
                    "2014-03-13-18",
                    "2014-03-07-16",
                    "2014-03-17-23",
                    "2014-03-09-07",
                    "2014-03-17-12",
                    "2014-03-13-20",
                    "2014-03-24-23",
                    "2014-03-30-09",
                    "2014-03-16-20",
                    "2014-03-17-02",
                    "2014-03-09-17",
                    "2014-03-14-09",
                    "2014-03-31-02",
                    "2014-03-03-05",
                    "2014-03-24-07",
                    "2014-03-23-03",
                    "2014-03-23-18",
                    "2014-03-31-04",
                    "2014-03-05-05",
                    "2014-03-07-11",
                    "2014-03-07-02",
                    "2014-03-07-04",
                    "2014-03-13-23",
                    "2014-03-11-00",
                    "2014-03-07-19",
                    "2014-03-10-06",
                    "2014-03-14-17",
                    "2014-03-08-02",
                    "2014-03-06-02",
                    "2014-03-01-09",
                    "2014-03-18-02",
                    "2014-03-02-18",
                    "2014-03-09-00",
                    "2014-03-08-22",
                    "2014-03-17-22",
                    "2014-03-02-19",
                    "2014-03-20-17",
                    "2014-03-20-18",
                    "2014-03-08-19",
                    "2014-03-17-03",
                    "2014-03-16-21",
                    "2014-03-08-12",
                    "2014-03-16-19",
                    "2014-03-10-23",
                    "2014-03-26-06",
                    "2014-03-02-10",
                    "2014-03-11-21",
                    "2014-03-12-20",
                    "2014-03-07-23",
                    "2014-03-27-03",
                    "2014-03-29-20",
                    "2014-03-26-00",
                    "2014-03-12-07",
                    "2014-03-13-04",
                    "2014-03-04-23",
                    "2014-03-12-01",
                    "2014-03-11-07",
                    "2014-03-01-08",
                    "2014-03-25-01",
                    "2014-03-26-20",
                    "2014-03-11-04",
                    "2014-03-13-00",
                    "2014-03-01-02",
                    "2014-03-11-22",
                    "2014-03-12-22",
                    "2014-03-29-06",
                    "2014-03-23-07",
                    "2014-03-15-06",
                    "2014-03-02-15",
                    "2014-03-29-22",
                    "2014-03-02-09",
                    "2014-03-16-17",
                    "2014-03-01-21",
                    "2014-03-30-07",
                    "2014-03-21-02",
                    "2014-03-28-01",
                    "2014-03-20-19",
                    "2014-03-17-07",
                    "2014-03-29-19",
                    "2014-03-17-18",
                    "2014-03-15-01",
                    "2014-03-18-03",
                    "2014-03-27-21",
                    "2014-03-23-08",
                    "2014-03-23-11",
                    "2014-03-29-05",
                    "2014-03-14-18",
                    "2014-03-23-17",
                    "2014-03-18-07",
                    "2014-03-10-07",
                    "2014-03-14-05",
                    "2014-03-21-20",
                    "2014-03-03-02",
                    "2014-03-03-07",
                    "2014-03-31-00",
                    "2014-03-04-03",
                    "2014-03-01-10",
                    "2014-03-28-06",
                    "2014-03-28-04",
                    "2014-03-28-02",
                    "2014-03-27-04",
                    "2014-03-02-06",
                    "2014-03-05-06",
                    "2014-03-01-18",
                    "2014-03-02-01",
                    "2014-03-04-06",
                    "2014-03-02-08",
                    "2014-03-15-07",
                    "2014-03-23-05",
                    "2014-03-23-06",
                    "2014-03-23-01",
                    "2014-03-22-17",
                    "2014-03-09-10",
                    "2014-03-13-03",
                    "2014-03-08-01",
                    "2014-03-17-21",
                    "2014-03-08-03",
                    "2014-03-10-21",
                    "2014-03-14-00",
                    "2014-03-14-02",
                    "2014-03-18-11",
                    "2014-03-21-12",
                    "2014-03-08-11",
                    "2014-03-14-22",
                    "2014-03-10-03",
                    "2014-03-14-20",
                    "2014-03-10-00",
                    "2014-03-20-22",
                    "2014-03-08-20",
                    "2014-03-09-23",
                    "2014-03-08-21",
                    "2014-03-23-15",
                    "2014-03-23-23",
                    "2014-03-11-23",
                    "2014-03-26-07",
                    "2014-03-15-15",
                    "2014-03-09-21",
                    "2014-03-12-05",
                    "2014-03-15-11",
                    "2014-03-06-12",
                    "2014-03-06-22",
                    "2014-03-25-06",
                    "2014-03-12-23",
                    "2014-03-24-22",
                    "2014-03-15-00",
                    "2014-03-24-04",
                    "2014-03-24-02",
                    "2014-03-02-04",
                    "2014-03-02-05",
                    "2014-03-15-09",
                    "2014-03-01-01",
                    "2014-03-15-02",
                    "2014-03-30-05",
                    "2014-03-15-16",
                    "2014-03-14-23",
                    "2014-03-05-23",
                    "2014-03-13-07",
                    "2014-03-02-00",
                    "2014-03-01-23",
                    "2014-03-01-03",
                    "2014-03-01-06",
                    "2014-03-01-07",
                    "2014-03-12-04",
                    "2014-03-11-11",
                    "2014-03-01-12",
                    "2014-03-11-09",
                    "2014-03-11-05",
                    "2014-03-13-01",
                    "2014-03-01-19",
                    "2014-03-11-03",
                    "2014-03-13-06",
                    "2014-03-15-23",
                    "2014-03-13-11",
                    "2014-03-01-22",
                    "2014-03-15-17",
                    "2014-03-09-11",
                    "2014-03-16-02",
                    "2014-03-16-03",
                    "2014-03-22-00",
                    "2014-03-04-04",
                    "2014-03-22-01",
                    "2014-03-22-06",
                    "2014-03-22-13",
                    "2014-03-07-22",
                    "2014-03-23-02",
                    "2014-03-07-20",
                    "2014-03-25-00",
                    "2014-03-25-03",
                    "2014-03-25-04",
                    "2014-03-05-02",
                    "2014-03-06-07",
                    "2014-03-06-06",
                    "2014-03-06-04",
                    "2014-03-27-02",
                    "2014-03-26-01",
                    "2014-03-26-22",
                    "2014-03-05-07",
                    "2014-03-08-07",
                    "2014-03-08-08",
                    "2014-03-03-21",
                    "2014-03-09-14",
                    "2014-03-16-05",
                    "2014-03-02-12",
                    "2014-03-09-20",
                    "2014-03-16-10",
                    "2014-03-16-16",
                    "2014-03-17-00",
                    "2014-03-02-17",
                    "2014-03-17-05",
                    "2014-03-06-00",
                    "2014-03-08-14",
                    "2014-03-18-05",
                    "2014-03-09-05",
                    "2014-03-09-01",
                    "2014-03-29-00",
                    "2014-03-18-18",
                    "2014-03-21-05",
                    "2014-03-03-04",
                    "2014-03-21-07",
                    "2014-03-22-20"
                ],
                "distribution": [
                    0.03278868296962386,
                    0.030705121175567496,
                    0.014584932558394562,
                    0.01348832108783858,
                    0.011514420440837812,
                    0.01096611470555982,
                    0.007785941440947472,
                    0.007676280293891874,
                    0.007676280293891874,
                    0.007676280293891874,
                    0.007566619146836276,
                    0.0073472968527250795,
                    0.007237635705669481,
                    0.007018313411558285,
                    0.006908652264502687,
                    0.006798991117447088,
                    0.0063603465292246955,
                    0.0063603465292246955,
                    0.0063603465292246955,
                    0.006141024235113499,
                    0.006141024235113499,
                    0.006031363088057901,
                    0.005921701941002303,
                    0.0058120407939467045,
                    0.0058120407939467045,
                    0.00548305735277991,
                    0.00548305735277991,
                    0.00548305735277991,
                    0.005373396205724312,
                    0.005263735058668713,
                    0.005263735058668713,
                    0.005154073911613115,
                    0.005154073911613115,
                    0.005044412764557517,
                    0.005044412764557517,
                    0.005044412764557517,
                    0.005044412764557517,
                    0.004934751617501919,
                    0.004934751617501919,
                    0.004934751617501919,
                    0.004934751617501919,
                    0.0048250904704463205,
                    0.004715429323390722,
                    0.004715429323390722,
                    0.004605768176335124,
                    0.004605768176335124,
                    0.004605768176335124,
                    0.004605768176335124,
                    0.004605768176335124,
                    0.004605768176335124,
                    0.004496107029279526,
                    0.004496107029279526,
                    0.004496107029279526,
                    0.004496107029279526,
                    0.004386445882223928,
                    0.0042767847351683295,
                    0.004167123588112731,
                    0.004057462441057133,
                    0.004057462441057133,
                    0.003947801294001535,
                    0.003838140146945937,
                    0.0036188178528347406,
                    0.0036188178528347406,
                    0.0036188178528347406,
                    0.0036188178528347406,
                    0.0036188178528347406,
                    0.0035091567057791424,
                    0.0035091567057791424,
                    0.0035091567057791424,
                    0.0035091567057791424,
                    0.0035091567057791424,
                    0.003399495558723544,
                    0.003399495558723544,
                    0.003399495558723544,
                    0.003399495558723544,
                    0.003289834411667946,
                    0.003289834411667946,
                    0.003289834411667946,
                    0.0031801732646123478,
                    0.0031801732646123478,
                    0.0031801732646123478,
                    0.0031801732646123478,
                    0.0030705121175567496,
                    0.0030705121175567496,
                    0.0030705121175567496,
                    0.0029608509705011513,
                    0.0029608509705011513,
                    0.0029608509705011513,
                    0.0029608509705011513,
                    0.0029608509705011513,
                    0.0029608509705011513,
                    0.0029608509705011513,
                    0.0029608509705011513,
                    0.002851189823445553,
                    0.002851189823445553,
                    0.002851189823445553,
                    0.002851189823445553,
                    0.002851189823445553,
                    0.002851189823445553,
                    0.002851189823445553,
                    0.002851189823445553,
                    0.002741528676389955,
                    0.002741528676389955,
                    0.002741528676389955,
                    0.002741528676389955,
                    0.002741528676389955,
                    0.0026318675293343567,
                    0.0026318675293343567,
                    0.0026318675293343567,
                    0.0026318675293343567,
                    0.0026318675293343567,
                    0.0026318675293343567,
                    0.0026318675293343567,
                    0.0026318675293343567,
                    0.0026318675293343567,
                    0.0026318675293343567,
                    0.0025222063822787585,
                    0.0025222063822787585,
                    0.0025222063822787585,
                    0.0025222063822787585,
                    0.0025222063822787585,
                    0.0025222063822787585,
                    0.0025222063822787585,
                    0.0025222063822787585,
                    0.0025222063822787585,
                    0.0025222063822787585,
                    0.0024125452352231603,
                    0.0024125452352231603,
                    0.0024125452352231603,
                    0.0024125452352231603,
                    0.0024125452352231603,
                    0.0024125452352231603,
                    0.0024125452352231603,
                    0.0024125452352231603,
                    0.0024125452352231603,
                    0.0024125452352231603,
                    0.002302884088167562,
                    0.002302884088167562,
                    0.002302884088167562,
                    0.002302884088167562,
                    0.002302884088167562,
                    0.002302884088167562,
                    0.002193222941111964,
                    0.002193222941111964,
                    0.002193222941111964,
                    0.002193222941111964,
                    0.002193222941111964,
                    0.002193222941111964,
                    0.002193222941111964,
                    0.002193222941111964,
                    0.0020835617940563656,
                    0.0020835617940563656,
                    0.0020835617940563656,
                    0.0020835617940563656,
                    0.0020835617940563656,
                    0.0020835617940563656,
                    0.0020835617940563656,
                    0.0020835617940563656,
                    0.0020835617940563656,
                    0.0019739006470007674,
                    0.0019739006470007674,
                    0.0019739006470007674,
                    0.0019739006470007674,
                    0.0019739006470007674,
                    0.0019739006470007674,
                    0.0019739006470007674,
                    0.0019739006470007674,
                    0.0019739006470007674,
                    0.0018642394999451694,
                    0.0018642394999451694,
                    0.0018642394999451694,
                    0.0018642394999451694,
                    0.0018642394999451694,
                    0.0018642394999451694,
                    0.0017545783528895712,
                    0.0017545783528895712,
                    0.0017545783528895712,
                    0.0017545783528895712,
                    0.0017545783528895712,
                    0.0017545783528895712,
                    0.0017545783528895712,
                    0.0017545783528895712,
                    0.0017545783528895712,
                    0.0017545783528895712,
                    0.0017545783528895712,
                    0.001644917205833973,
                    0.001644917205833973,
                    0.001644917205833973,
                    0.001644917205833973,
                    0.001644917205833973,
                    0.001644917205833973,
                    0.001644917205833973,
                    0.001644917205833973,
                    0.001644917205833973,
                    0.001644917205833973,
                    0.001644917205833973,
                    0.001644917205833973,
                    0.001644917205833973,
                    0.001644917205833973,
                    0.001644917205833973,
                    0.001644917205833973,
                    0.001644917205833973,
                    0.0015352560587783748,
                    0.0015352560587783748,
                    0.0015352560587783748,
                    0.0015352560587783748,
                    0.0015352560587783748,
                    0.0015352560587783748,
                    0.0015352560587783748,
                    0.0015352560587783748,
                    0.0015352560587783748,
                    0.0015352560587783748,
                    0.0014255949117227766,
                    0.0014255949117227766,
                    0.0014255949117227766,
                    0.0014255949117227766,
                    0.0014255949117227766,
                    0.0014255949117227766,
                    0.0014255949117227766,
                    0.0014255949117227766,
                    0.0013159337646671784,
                    0.0013159337646671784,
                    0.0013159337646671784,
                    0.0013159337646671784,
                    0.0013159337646671784,
                    0.0013159337646671784,
                    0.0013159337646671784,
                    0.0013159337646671784,
                    0.0013159337646671784,
                    0.0013159337646671784,
                    0.0013159337646671784,
                    0.0013159337646671784,
                    0.0013159337646671784,
                    0.0013159337646671784,
                    0.0013159337646671784,
                    0.0013159337646671784,
                    0.0013159337646671784,
                    0.0013159337646671784,
                    0.0012062726176115801,
                    0.0012062726176115801,
                    0.0012062726176115801,
                    0.0012062726176115801,
                    0.0012062726176115801,
                    0.0012062726176115801,
                    0.0012062726176115801,
                    0.0012062726176115801,
                    0.0012062726176115801,
                    0.0012062726176115801,
                    0.0012062726176115801,
                    0.0012062726176115801,
                    0.001096611470555982,
                    0.001096611470555982,
                    0.001096611470555982,
                    0.001096611470555982,
                    0.001096611470555982,
                    0.001096611470555982,
                    0.001096611470555982,
                    0.001096611470555982,
                    0.001096611470555982,
                    0.001096611470555982,
                    0.001096611470555982,
                    0.001096611470555982,
                    0.001096611470555982,
                    0.001096611470555982,
                    0.001096611470555982,
                    0.001096611470555982,
                    0.0009869503235003837,
                    0.0009869503235003837,
                    0.0009869503235003837,
                    0.0009869503235003837,
                    0.0009869503235003837,
                    0.0009869503235003837,
                    0.0009869503235003837,
                    0.0009869503235003837,
                    0.0009869503235003837,
                    0.0009869503235003837,
                    0.0009869503235003837,
                    0.0009869503235003837,
                    0.0009869503235003837,
                    0.0009869503235003837,
                    0.0009869503235003837,
                    0.0009869503235003837,
                    0.0009869503235003837,
                    0.0009869503235003837,
                    0.0009869503235003837,
                    0.0009869503235003837,
                    0.0009869503235003837,
                    0.0009869503235003837,
                    0.0009869503235003837,
                    0.0009869503235003837,
                    0.0009869503235003837,
                    0.0009869503235003837,
                    0.0009869503235003837,
                    0.0008772891764447856,
                    0.0008772891764447856,
                    0.0008772891764447856,
                    0.0008772891764447856,
                    0.0008772891764447856,
                    0.0008772891764447856,
                    0.0008772891764447856,
                    0.0008772891764447856,
                    0.0008772891764447856,
                    0.0008772891764447856,
                    0.0008772891764447856,
                    0.0008772891764447856,
                    0.0008772891764447856,
                    0.0008772891764447856,
                    0.0008772891764447856,
                    0.0008772891764447856,
                    0.0008772891764447856,
                    0.0008772891764447856,
                    0.0008772891764447856,
                    0.0008772891764447856,
                    0.0007676280293891874,
                    0.0007676280293891874,
                    0.0007676280293891874,
                    0.0007676280293891874,
                    0.0007676280293891874,
                    0.0007676280293891874,
                    0.0007676280293891874,
                    0.0007676280293891874,
                    0.0007676280293891874,
                    0.0007676280293891874,
                    0.0007676280293891874,
                    0.0007676280293891874,
                    0.0007676280293891874,
                    0.0007676280293891874,
                    0.0007676280293891874,
                    0.0007676280293891874,
                    0.0007676280293891874,
                    0.0007676280293891874,
                    0.0007676280293891874,
                    0.0007676280293891874,
                    0.0007676280293891874,
                    0.0007676280293891874,
                    0.0007676280293891874,
                    0.0007676280293891874,
                    0.0007676280293891874,
                    0.0007676280293891874,
                    0.0007676280293891874,
                    0.0007676280293891874,
                    0.0007676280293891874,
                    0.0007676280293891874,
                    0.0007676280293891874,
                    0.0007676280293891874,
                    0.0007676280293891874,
                    0.0006579668823335892,
                    0.0006579668823335892,
                    0.0006579668823335892,
                    0.0006579668823335892,
                    0.0006579668823335892,
                    0.0006579668823335892,
                    0.0006579668823335892,
                    0.0006579668823335892,
                    0.0006579668823335892,
                    0.0006579668823335892,
                    0.0006579668823335892,
                    0.0006579668823335892,
                    0.0006579668823335892,
                    0.0006579668823335892,
                    0.0006579668823335892,
                    0.0006579668823335892,
                    0.0006579668823335892,
                    0.0006579668823335892,
                    0.0006579668823335892,
                    0.0006579668823335892,
                    0.0006579668823335892,
                    0.0006579668823335892,
                    0.0006579668823335892,
                    0.0006579668823335892,
                    0.0006579668823335892,
                    0.0006579668823335892,
                    0.0006579668823335892,
                    0.0006579668823335892,
                    0.000548305735277991,
                    0.000548305735277991,
                    0.000548305735277991,
                    0.000548305735277991,
                    0.000548305735277991,
                    0.000548305735277991,
                    0.000548305735277991,
                    0.000548305735277991,
                    0.000548305735277991,
                    0.000548305735277991,
                    0.000548305735277991,
                    0.000548305735277991,
                    0.000548305735277991,
                    0.000548305735277991,
                    0.000548305735277991,
                    0.000548305735277991,
                    0.000548305735277991,
                    0.000548305735277991,
                    0.000548305735277991,
                    0.000548305735277991,
                    0.000548305735277991,
                    0.000548305735277991,
                    0.000548305735277991,
                    0.000548305735277991,
                    0.000548305735277991,
                    0.000548305735277991,
                    0.000548305735277991,
                    0.000548305735277991,
                    0.000548305735277991,
                    0.000548305735277991,
                    0.000548305735277991,
                    0.000548305735277991,
                    0.000548305735277991,
                    0.000548305735277991,
                    0.000548305735277991,
                    0.000548305735277991,
                    0.000548305735277991,
                    0.000548305735277991,
                    0.000548305735277991,
                    0.000548305735277991,
                    0.000548305735277991,
                    0.0004386445882223928,
                    0.0004386445882223928,
                    0.0004386445882223928,
                    0.0004386445882223928,
                    0.0004386445882223928,
                    0.0004386445882223928,
                    0.0004386445882223928,
                    0.0004386445882223928,
                    0.0004386445882223928,
                    0.0004386445882223928,
                    0.0004386445882223928,
                    0.0004386445882223928,
                    0.0004386445882223928,
                    0.0004386445882223928,
                    0.0004386445882223928,
                    0.0004386445882223928,
                    0.0004386445882223928,
                    0.0004386445882223928,
                    0.0004386445882223928,
                    0.0004386445882223928,
                    0.0004386445882223928,
                    0.0004386445882223928,
                    0.0004386445882223928,
                    0.0004386445882223928,
                    0.0004386445882223928,
                    0.0004386445882223928,
                    0.0004386445882223928,
                    0.0004386445882223928,
                    0.0004386445882223928,
                    0.0004386445882223928,
                    0.0004386445882223928,
                    0.0004386445882223928,
                    0.0004386445882223928,
                    0.0004386445882223928,
                    0.0004386445882223928,
                    0.0004386445882223928,
                    0.0004386445882223928,
                    0.0004386445882223928,
                    0.0004386445882223928,
                    0.0003289834411667946,
                    0.0003289834411667946,
                    0.0003289834411667946,
                    0.0003289834411667946,
                    0.0003289834411667946,
                    0.0003289834411667946,
                    0.0003289834411667946,
                    0.0003289834411667946,
                    0.0003289834411667946,
                    0.0003289834411667946,
                    0.0003289834411667946,
                    0.0003289834411667946,
                    0.0003289834411667946,
                    0.0003289834411667946,
                    0.0003289834411667946,
                    0.0003289834411667946,
                    0.0003289834411667946,
                    0.0003289834411667946,
                    0.0003289834411667946,
                    0.0003289834411667946,
                    0.0003289834411667946,
                    0.0003289834411667946,
                    0.0003289834411667946,
                    0.0003289834411667946,
                    0.0003289834411667946,
                    0.0003289834411667946,
                    0.0003289834411667946,
                    0.0003289834411667946,
                    0.0003289834411667946,
                    0.0003289834411667946,
                    0.0003289834411667946,
                    0.0003289834411667946,
                    0.0003289834411667946,
                    0.0003289834411667946,
                    0.0003289834411667946,
                    0.0003289834411667946,
                    0.0003289834411667946,
                    0.0003289834411667946,
                    0.0003289834411667946,
                    0.0002193222941111964,
                    0.0002193222941111964,
                    0.0002193222941111964,
                    0.0002193222941111964,
                    0.0002193222941111964,
                    0.0002193222941111964,
                    0.0002193222941111964,
                    0.0002193222941111964,
                    0.0002193222941111964,
                    0.0002193222941111964,
                    0.0002193222941111964,
                    0.0002193222941111964,
                    0.0002193222941111964,
                    0.0002193222941111964,
                    0.0002193222941111964,
                    0.0002193222941111964,
                    0.0002193222941111964,
                    0.0002193222941111964,
                    0.0002193222941111964,
                    0.0002193222941111964,
                    0.0002193222941111964,
                    0.0002193222941111964,
                    0.0002193222941111964,
                    0.0002193222941111964,
                    0.0002193222941111964,
                    0.0002193222941111964,
                    0.0002193222941111964,
                    0.0002193222941111964,
                    0.0002193222941111964,
                    0.0002193222941111964,
                    0.0002193222941111964,
                    0.0002193222941111964,
                    0.0002193222941111964,
                    0.0002193222941111964,
                    0.0002193222941111964,
                    0.0002193222941111964,
                    0.0002193222941111964,
                    0.0002193222941111964,
                    0.0002193222941111964,
                    0.0002193222941111964,
                    0.0002193222941111964,
                    0.0002193222941111964,
                    0.0002193222941111964,
                    0.0002193222941111964,
                    0.0002193222941111964,
                    0.0002193222941111964,
                    0.0002193222941111964,
                    0.0002193222941111964,
                    0.0002193222941111964,
                    0.0002193222941111964,
                    0.0002193222941111964,
                    0.0002193222941111964,
                    0.0002193222941111964,
                    0.0002193222941111964,
                    0.0002193222941111964,
                    0.0001096611470555982,
                    0.0001096611470555982,
                    0.0001096611470555982,
                    0.0001096611470555982,
                    0.0001096611470555982,
                    0.0001096611470555982,
                    0.0001096611470555982,
                    0.0001096611470555982,
                    0.0001096611470555982,
                    0.0001096611470555982,
                    0.0001096611470555982,
                    0.0001096611470555982,
                    0.0001096611470555982,
                    0.0001096611470555982,
                    0.0001096611470555982,
                    0.0001096611470555982,
                    0.0001096611470555982,
                    0.0001096611470555982,
                    0.0001096611470555982,
                    0.0001096611470555982,
                    0.0001096611470555982,
                    0.0001096611470555982,
                    0.0001096611470555982,
                    0.0001096611470555982,
                    0.0001096611470555982,
                    0.0001096611470555982,
                    0.0001096611470555982,
                    0.0001096611470555982,
                    0.0001096611470555982,
                    0.0001096611470555982,
                    0.0001096611470555982,
                    0.0001096611470555982,
                    0.0001096611470555982,
                    0.0001096611470555982,
                    0.0001096611470555982,
                    0.0001096611470555982,
                    0.0001096611470555982,
                    0.0001096611470555982,
                    0.0001096611470555982,
                    0.0001096611470555982,
                    0.0001096611470555982,
                    0.0001096611470555982,
                    0.0001096611470555982,
                    0.0001096611470555982,
                    0.0001096611470555982,
                    0.0001096611470555982,
                    0.0001096611470555982,
                    0.0001096611470555982,
                    0.0001096611470555982,
                    0.0001096611470555982,
                    0.0001096611470555982,
                    0.0001096611470555982,
                    0.0001096611470555982,
                    0.0001096611470555982,
                    0.0001096611470555982,
                    0.0001096611470555982,
                    0.0001096611470555982,
                    0.0001096611470555982,
                    0.0001096611470555982,
                    0.0001096611470555982,
                    0.0001096611470555982,
                    0.0001096611470555982,
                    0.0001096611470555982,
                    0.0001096611470555982,
                    0.0001096611470555982,
                    0.0001096611470555982,
                    0.0001096611470555982,
                    0.0001096611470555982,
                    0.0001096611470555982,
                    0.0001096611470555982,
                    0.0001096611470555982,
                    0.0001096611470555982,
                    0.0001096611470555982
                ]
            }
        },
        "tz_off": {
            "type": "NUMERIC",
            "nbDistinct": 24,
            "count": 9119,
            "missingCount": 0.0,
            "histogram": {
                "scale": [
                    -780.0,
                    -749.3877551020408,
                    -718.7755102040817,
                    -688.1632653061224,
                    -657.5510204081633,
                    -626.9387755102041,
                    -596.3265306122449,
                    -565.7142857142858,
                    -535.1020408163265,
                    -504.48979591836735,
                    -473.8775510204082,
                    -443.265306122449,
                    -412.6530612244898,
                    -382.0408163265306,
                    -351.42857142857144,
                    -320.81632653061223,
                    -290.2040816326531,
                    -259.59183673469386,
                    -228.9795918367347,
                    -198.36734693877554,
                    -167.75510204081638,
                    -137.1428571428571,
                    -106.53061224489795,
                    -75.9183673469388,
                    -45.306122448979636,
                    -14.693877551020478,
                    15.918367346938794,
                    46.53061224489795,
                    77.14285714285711,
                    107.75510204081627,
                    138.36734693877554,
                    168.9795918367347,
                    199.59183673469386,
                    230.20408163265301,
                    260.8163265306123,
                    291.42857142857133,
                    322.0408163265306,
                    352.6530612244899,
                    383.2653061224489,
                    413.8775510204082,
                    444.48979591836724,
                    475.1020408163265,
                    505.7142857142858,
                    536.3265306122448,
                    566.9387755102041,
                    597.5510204081631,
                    628.1632653061224,
                    658.7755102040817,
                    689.3877551020407,
                    720.0
                ],
                "distribution": [
                    0.0014255949117227766,
                    0.0001096611470555982,
                    0.0,
                    0.003838140146945937,
                    0.0,
                    0.0003289834411667946,
                    0.0,
                    0.011843403882004605,
                    0.0,
                    0.02028731220528567,
                    0.0,
                    0.0025222063822787585,
                    0.0,
                    0.0001096611470555982,
                    0.025880030705121175,
                    0.0,
                    0.0003289834411667946,
                    0.021164601381730454,
                    0.0003289834411667946,
                    0.0036188178528347406,
                    0.0,
                    0.12632964140804911,
                    0.0,
                    0.6017107138940674,
                    0.0,
                    0.04627700405746244,
                    0.0,
                    0.0,
                    0.0,
                    0.0,
                    0.0,
                    0.009321197499725847,
                    0.0,
                    0.03465292246956903,
                    0.0,
                    0.03958767408707095,
                    0.0,
                    0.006798991117447088,
                    0.0,
                    0.028402237087399935,
                    0.0,
                    0.014694593705450159,
                    0.0,
                    0.0,
                    0.0,
                    0.0,
                    0.0,
                    0.0,
                    0.0004386445882223928
                ]
            },
            "quantiles": {
                "scale": [
                    -450.0,
                    -120.0,
                    -90.0,
                    -60.0,
                    -60.0,
                    -60.0,
                    -60.0,
                    -60.0,
                    90.0,
                    480.0
                ],
                "distribution": [
                    0.09178638008553569,
                    0.0,
                    0.12632964140804911,
                    0.0,
                    0.0,
                    0.0,
                    0.0,
                    0.0,
                    0.6573089154512556,
                    0.12457506305515956
                ]
            },
            "topValues": [
                {
                    "value": -60.0,
                    "count": 5487.0
                },
                {
                    "value": -120.0,
                    "count": 1152.0
                },
                {
                    "value": 0.0,
                    "count": 422.0
                },
                {
                    "value": 300.0,
                    "count": 361.0
                },
                {
                    "value": 240.0,
                    "count": 316.0
                },
                {
                    "value": 420.0,
                    "count": 259.0
                },
                {
                    "value": -330.0,
                    "count": 235.0
                },
                {
                    "value": -240.0,
                    "count": 193.0
                },
                {
                    "value": -480.0,
                    "count": 185.0
                },
                {
                    "value": 480.0,
                    "count": 134.0
                },
                {
                    "value": -540.0,
                    "count": 108.0
                },
                {
                    "value": 180.0,
                    "count": 85.0
                },
                {
                    "value": 360.0,
                    "count": 62.0
                },
                {
                    "value": -660.0,
                    "count": 35.0
                },
                {
                    "value": -180.0,
                    "count": 33.0
                },
                {
                    "value": -420.0,
                    "count": 23.0
                },
                {
                    "value": -780.0,
                    "count": 13.0
                },
                {
                    "value": 720.0,
                    "count": 4.0
                },
                {
                    "value": -270.0,
                    "count": 3.0
                },
                {
                    "value": -600.0,
                    "count": 3.0
                },
                {
                    "value": -210.0,
                    "count": 3.0
                },
                {
                    "value": -720.0,
                    "count": 1.0
                },
                {
                    "value": -345.0,
                    "count": 1.0
                },
                {
                    "value": -360.0,
                    "count": 1.0
                }
            ]
        },
        "referer": {
            "type": "CATEGORY",
            "nbDistinct": 14,
            "count": 9119,
            "missingCount": 0.0,
            "values": {
                "scale": [
                    "dataiku",
                    "google",
                    "other",
                    "journaldunet",
                    "kdnuggets",
                    "strata",
                    "linkedin",
                    "kaggle",
                    "bananadata",
                    "datatau",
                    "bing",
                    "agoranov",
                    "datajob2013",
                    "practicalquant"
                ],
                "distribution": [
                    0.6919618379208247,
                    0.12380743502577037,
                    0.11777607193771247,
                    0.02313850202873122,
                    0.008224586029169865,
                    0.008224586029169865,
                    0.006798991117447088,
                    0.006250685382169097,
                    0.005702379646891106,
                    0.004386445882223928,
                    0.001096611470555982,
                    0.0009869503235003837,
                    0.0008772891764447856,
                    0.0007676280293891874
                ]
            }
        },
        "br_lang": {
            "type": "CATEGORY",
            "nbDistinct": 14,
            "count": 9119,
            "missingCount": 0.0,
            "values": {
                "scale": [
                    "fr",
                    "en",
                    "ru",
                    "de",
                    "pt",
                    "es",
                    "zh",
                    "ja",
                    "other",
                    "pl",
                    "ca",
                    "tr",
                    "nl",
                    "da"
                ],
                "distribution": [
                    0.5535694703366597,
                    0.3903936835179296,
                    0.011843403882004605,
                    0.01041780897028183,
                    0.007237635705669481,
                    0.0063603465292246955,
                    0.005921701941002303,
                    0.0042767847351683295,
                    0.0036188178528347406,
                    0.0018642394999451694,
                    0.0013159337646671784,
                    0.0012062726176115801,
                    0.001096611470555982,
                    0.0008772891764447856
                ]
            }
        },
        "user_agent": {
            "type": "CATEGORY",
            "nbDistinct": 4,
            "count": 9119,
            "missingCount": 0.0,
            "values": {
                "scale": [
                    "windows",
                    "macintosh",
                    "linux",
                    "other"
                ],
                "distribution": [
                    0.5445772562781007,
                    0.29422085755016997,
                    0.10746792411448623,
                    0.053733962057243116
                ]
            }
        }
    }
}