{
    "perClassFacts": {
        "unique": {
            "server_ts": {
                "impact": 0.4067341691134082,
                "rank": 1,
                "feature": "server_ts",
                "positiveCategoricalValue": "2014-03-28-14",
                "negativeCategoricalValue": "2014-03-03-19",
                "infoGain": 0.678096415792714,
                "type": "CATEGORICAL"
            },
            "referer": {
                "impact": 0.2701127040933694,
                "rank": 2,
                "feature": "referer",
                "positiveCategoricalValue": "dataiku",
                "negativeCategoricalValue": "google",
                "infoGain": 0.6108643020548935,
                "type": "CATEGORICAL"
            },
            "br_lang": {
                "impact": 0.07519357565074548,
                "rank": 5,
                "feature": "br_lang",
                "positiveCategoricalValue": "en",
                "negativeCategoricalValue": "fr",
                "infoGain": 0.6528273826893963,
                "type": "CATEGORICAL"
            }
        }
    }
}