[
    {
        "test_score_gib": 0.799171361373954,
        "train_score": 0.8018436052325921,
        "test_score": 0.799171361373954,
        "num_samples": 1825,
        "fit_time": 3239,
        "score_time": 718,
        "time": 3957,
        "parameters": {
            "max_depth": 6,
            "max_features": "auto",
            "min_samples_leaf": 1,
            "n_estimators": 100,
            "min_samples_split": 3
        },
        "done_at": 1706963857011,
        "split_id": 0
    },
    {
        "test_score_gib": 0.7883774414431309,
        "train_score": 0.7988883575357225,
        "test_score": 0.7883774414431309,
        "num_samples": 1825,
        "fit_time": 3246,
        "score_time": 654,
        "time": 3900,
        "parameters": {
            "max_depth": 6,
            "max_features": "auto",
            "min_samples_leaf": 1,
            "n_estimators": 100,
            "min_samples_split": 3
        },
        "done_at": 1706963856944,
        "split_id": 1
    },
    {
        "test_score_gib": 0.7861387198425193,
        "train_score": 0.8028247381347796,
        "test_score": 0.7861387198425193,
        "num_samples": 1823,
        "fit_time": 3235,
        "score_time": 610,
        "time": 3845,
        "parameters": {
            "max_depth": 6,
            "max_features": "auto",
            "min_samples_leaf": 1,
            "n_estimators": 100,
            "min_samples_split": 3
        },
        "done_at": 1706963856891,
        "split_id": 2
    },
    {
        "test_score_gib": 0.7894863601118446,
        "train_score": 0.8021177794546424,
        "test_score": 0.7894863601118446,
        "num_samples": 1823,
        "fit_time": 3242,
        "score_time": 654,
        "time": 3896,
        "parameters": {
            "max_depth": 6,
            "max_features": "auto",
            "min_samples_leaf": 1,
            "n_estimators": 100,
            "min_samples_split": 3
        },
        "done_at": 1706963856943,
        "split_id": 3
    },
    {
        "test_score_gib": 0.7990841472361245,
        "train_score": 0.8046582836114013,
        "test_score": 0.7990841472361245,
        "num_samples": 1823,
        "fit_time": 3601,
        "score_time": 984,
        "time": 4585,
        "parameters": {
            "max_depth": 6,
            "max_features": "auto",
            "min_samples_leaf": 1,
            "n_estimators": 100,
            "min_samples_split": 3
        },
        "done_at": 1706963861481,
        "split_id": 4
    },
    {
        "test_score_gib": 0.847045655214446,
        "train_score": 0.8643947853462309,
        "test_score": 0.847045655214446,
        "num_samples": 1825,
        "fit_time": 4346,
        "score_time": 1198,
        "time": 5544,
        "parameters": {
            "max_depth": 12,
            "max_features": "auto",
            "min_samples_leaf": 1,
            "n_estimators": 100,
            "min_samples_split": 3
        },
        "done_at": 1706963862493,
        "split_id": 0
    },
    {
        "test_score_gib": 0.8415441875486724,
        "train_score": 0.8565592286872004,
        "test_score": 0.8415441875486724,
        "num_samples": 1825,
        "fit_time": 4241,
        "score_time": 1290,
        "time": 5531,
        "parameters": {
            "max_depth": 12,
            "max_features": "auto",
            "min_samples_leaf": 1,
            "n_estimators": 100,
            "min_samples_split": 3
        },
        "done_at": 1706963862481,
        "split_id": 1
    },
    {
        "test_score_gib": 0.8350100905670821,
        "train_score": 0.8555259795397169,
        "test_score": 0.8350100905670821,
        "num_samples": 1823,
        "fit_time": 4209,
        "score_time": 1505,
        "time": 5714,
        "parameters": {
            "max_depth": 12,
            "max_features": "auto",
            "min_samples_leaf": 1,
            "n_estimators": 100,
            "min_samples_split": 3
        },
        "done_at": 1706963862806,
        "split_id": 2
    },
    {
        "test_score_gib": 0.8325971004957824,
        "train_score": 0.8567738628603652,
        "test_score": 0.8325971004957824,
        "num_samples": 1823,
        "fit_time": 1905,
        "score_time": 533,
        "time": 2438,
        "parameters": {
            "max_depth": 12,
            "max_features": "auto",
            "min_samples_leaf": 1,
            "n_estimators": 100,
            "min_samples_split": 3
        },
        "done_at": 1706963863923,
        "split_id": 3
    },
    {
        "test_score_gib": 0.8422875694134417,
        "train_score": 0.8563175239048272,
        "test_score": 0.8422875694134417,
        "num_samples": 1823,
        "fit_time": 1402,
        "score_time": 141,
        "time": 1543,
        "parameters": {
            "max_depth": 12,
            "max_features": "auto",
            "min_samples_leaf": 1,
            "n_estimators": 100,
            "min_samples_split": 3
        },
        "done_at": 1706963864032,
        "split_id": 4
    }
]