{
    "startedAt": 1706963852962,
    "gridSize": 2,
    "nThreads": 4,
    "nSplits": 5,
    "metric": "ROC_AUC",
    "timeout": null,
    "gridPoints": [
        {
            "finishedAt": 1706963861481,
            "score": 0.7924521862385613,
            "testScoreGibMean": 0.7924521862385613,
            "testScoreMean": 0.7924521862385613,
            "testScoreStd": 0.005556793020119091,
            "trainScoreMean": 0.8020658068473819,
            "trainScoreStd": 0.0018680816263539177,
            "time": 20183,
            "fitTimeMean": 3312.6,
            "fitTimeStd": 144.2450692398184,
            "scoreTimeMean": 724.0,
            "scoreTimeStd": 134.48568697077025,
            "parameters": {
                "max_depth": 6,
                "max_features": "auto",
                "min_samples_leaf": 1,
                "n_estimators": 100,
                "min_samples_split": 3
            }
        },
        {
            "finishedAt": 1706963864032,
            "score": 0.8396989375360234,
            "testScoreGibMean": 0.8396989375360234,
            "testScoreMean": 0.8396989375360234,
            "testScoreStd": 0.005225029100534923,
            "trainScoreMean": 0.85791540019573,
            "trainScoreStd": 0.003268391578542816,
            "time": 20770,
            "fitTimeMean": 3220.6,
            "fitTimeStd": 1290.1771351252507,
            "scoreTimeMean": 933.4,
            "scoreTimeStd": 512.2735987731556,
            "parameters": {
                "max_depth": 12,
                "max_features": "auto",
                "min_samples_leaf": 1,
                "n_estimators": 100,
                "min_samples_split": 3
            }
        }
    ]
}