{
    "modelInputNRows": 9119,
    "modelInputNCols": 142,
    "modelInputIsSparse": false,
    "modelInputMemory": 10359184,
    "usedGridSearch": true,
    "gridSize": 2,
    "gridBestScore": 0.8396989375360234,
    "gridCells": [
        {
            "params": {
                "max_depth": 6,
                "max_features": "auto",
                "min_samples_leaf": 1,
                "n_estimators": 100,
                "min_samples_split": 3
            },
            "score": 0.7924521862385613,
            "scoreStd": 0.005556793020119091,
            "fitTime": 3.3125999999999998,
            "fitTimeStd": 0.14424506923981842,
            "scoreTime": 0.724,
            "scoreTimeStd": 0.13448568697077024
        },
        {
            "params": {
                "max_depth": 12,
                "max_features": "auto",
                "min_samples_leaf": 1,
                "n_estimators": 100,
                "min_samples_split": 3
            },
            "score": 0.8396989375360234,
            "scoreStd": 0.005225029100534923,
            "fitTime": 3.2206,
            "fitTimeStd": 1.2901771351252507,
            "scoreTime": 0.9334,
            "scoreTimeStd": 0.5122735987731556
        }
    ],
    "rawImportance": {
        "variables": [
            "tz_off",
            "dummy:server_ts:2014-03-28-14",
            "dummy:server_ts:2014-03-28-15",
            "dummy:server_ts:2014-03-31-08",
            "dummy:server_ts:2014-03-31-14",
            "dummy:server_ts:2014-03-31-09",
            "dummy:server_ts:2014-03-31-11",
            "dummy:server_ts:2014-03-17-16",
            "dummy:server_ts:2014-03-23-20",
            "dummy:server_ts:2014-03-26-09",
            "dummy:server_ts:2014-03-03-15",
            "dummy:server_ts:2014-03-26-16",
            "dummy:server_ts:2014-03-25-13",
            "dummy:server_ts:2014-03-31-07",
            "dummy:server_ts:2014-03-29-13",
            "dummy:server_ts:2014-03-24-16",
            "dummy:server_ts:2014-03-21-10",
            "dummy:server_ts:2014-03-28-19",
            "dummy:server_ts:2014-03-04-13",
            "dummy:server_ts:2014-03-21-17",
            "dummy:server_ts:2014-03-14-11",
            "dummy:server_ts:2014-03-31-06",
            "dummy:server_ts:2014-03-18-12",
            "dummy:server_ts:2014-03-28-20",
            "dummy:server_ts:2014-03-05-12",
            "dummy:server_ts:2014-03-04-09",
            "dummy:server_ts:2014-03-26-13",
            "dummy:server_ts:2014-03-28-13",
            "dummy:server_ts:2014-03-03-08",
            "dummy:server_ts:2014-03-31-20",
            "dummy:server_ts:2014-03-11-12",
            "dummy:server_ts:2014-03-12-17",
            "dummy:server_ts:2014-03-03-14",
            "dummy:server_ts:2014-03-18-09",
            "dummy:server_ts:2014-03-28-12",
            "dummy:server_ts:2014-03-07-17",
            "dummy:server_ts:2014-03-27-12",
            "dummy:server_ts:2014-03-22-08",
            "dummy:server_ts:2014-03-31-12",
            "dummy:server_ts:2014-03-05-04",
            "dummy:server_ts:2014-03-12-16",
            "dummy:server_ts:2014-03-31-13",
            "dummy:server_ts:2014-03-28-17",
            "dummy:server_ts:2014-03-04-17",
            "dummy:server_ts:2014-03-31-15",
            "dummy:server_ts:2014-03-13-17",
            "dummy:server_ts:2014-03-24-12",
            "dummy:server_ts:2014-03-07-08",
            "dummy:server_ts:2014-03-30-21",
            "dummy:server_ts:2014-03-07-07",
            "dummy:server_ts:2014-03-04-10",
            "dummy:server_ts:2014-03-21-21",
            "dummy:server_ts:2014-03-18-19",
            "dummy:server_ts:2014-03-28-16",
            "dummy:server_ts:2014-03-06-16",
            "dummy:server_ts:2014-03-10-20",
            "dummy:server_ts:2014-03-25-16",
            "dummy:server_ts:2014-03-07-09",
            "dummy:server_ts:2014-03-17-17",
            "dummy:server_ts:2014-03-12-21",
            "dummy:server_ts:2014-03-03-11",
            "dummy:server_ts:2014-03-06-09",
            "dummy:server_ts:2014-03-08-16",
            "dummy:server_ts:2014-03-28-09",
            "dummy:server_ts:2014-03-21-14",
            "dummy:server_ts:2014-03-29-12",
            "dummy:server_ts:2014-03-31-18",
            "dummy:server_ts:2014-03-16-18",
            "dummy:server_ts:2014-03-03-10",
            "dummy:server_ts:2014-03-26-14",
            "dummy:server_ts:2014-03-05-11",
            "dummy:server_ts:2014-03-12-12",
            "dummy:server_ts:2014-03-05-15",
            "dummy:server_ts:2014-03-26-15",
            "dummy:server_ts:2014-03-14-21",
            "dummy:server_ts:2014-03-20-20",
            "dummy:server_ts:2014-03-04-12",
            "dummy:server_ts:2014-03-25-10",
            "dummy:server_ts:2014-03-17-13",
            "dummy:server_ts:2014-03-12-14",
            "dummy:server_ts:2014-03-13-12",
            "dummy:server_ts:2014-03-28-18",
            "dummy:server_ts:2014-03-04-11",
            "dummy:server_ts:2014-03-25-12",
            "dummy:server_ts:2014-03-30-12",
            "dummy:server_ts:2014-03-31-17",
            "dummy:server_ts:2014-03-25-15",
            "dummy:server_ts:2014-03-21-08",
            "dummy:server_ts:2014-03-27-15",
            "dummy:server_ts:2014-03-27-09",
            "dummy:server_ts:2014-03-28-23",
            "dummy:server_ts:2014-03-06-18",
            "dummy:server_ts:2014-03-17-15",
            "dummy:server_ts:2014-03-17-11",
            "dummy:server_ts:2014-03-03-09",
            "dummy:server_ts:2014-03-29-01",
            "dummy:server_ts:2014-03-27-13",
            "dummy:server_ts:2014-03-24-20",
            "dummy:server_ts:2014-03-09-13",
            "dummy:server_ts:2014-03-14-07",
            "dummy:server_ts:2014-03-29-23",
            "dummy:server_ts:2014-03-13-08",
            "dummy:server_ts:__Others__",
            "dummy:referer:dataiku",
            "dummy:referer:google",
            "dummy:referer:other",
            "dummy:referer:journaldunet",
            "dummy:referer:kdnuggets",
            "dummy:referer:strata",
            "dummy:referer:linkedin",
            "dummy:referer:kaggle",
            "dummy:referer:bananadata",
            "dummy:referer:datatau",
            "dummy:referer:bing",
            "dummy:referer:agoranov",
            "dummy:referer:datajob2013",
            "dummy:referer:practicalquant",
            "dummy:br_lang:fr",
            "dummy:br_lang:en",
            "dummy:br_lang:ru",
            "dummy:br_lang:de",
            "dummy:br_lang:pt",
            "dummy:br_lang:es",
            "dummy:br_lang:zh",
            "dummy:br_lang:ja",
            "dummy:br_lang:other",
            "dummy:br_lang:pl",
            "dummy:br_lang:ca",
            "dummy:br_lang:tr",
            "dummy:br_lang:nl",
            "dummy:br_lang:da",
            "dummy:user_agent:windows",
            "dummy:user_agent:macintosh",
            "dummy:user_agent:linux",
            "dummy:user_agent:other"
        ],
        "importances": [
            0.09475466230079321,
            0.00876409159309557,
            0.006263817333754166,
            0.015896003965683785,
            0.0031768905569878945,
            0.0006969850551590389,
            0.015953867860533735,
            0.0011877456238366944,
            0.003328892773068614,
            0.005114175328705353,
            0.0009243127734102444,
            0.0052591858714675374,
            0.009433724360303947,
            0.0010658200840480503,
            0.009101639630271137,
            0.0021415918100539505,
            0.0008203457323232672,
            0.0017939899764978524,
            0.0057559057017608625,
            0.0018064749415759433,
            0.0005710432035959399,
            0.002327887603068561,
            0.011488705971276528,
            0.000998188001736109,
            0.007337861897855449,
            0.01068958713295744,
            0.0010449801797793694,
            0.00019350831902631457,
            0.0010004629805706244,
            0.00025061896909563315,
            0.004229074709895634,
            0.002255752438365669,
            0.0007680211559944726,
            0.004089871024703776,
            0.006777534460632846,
            0.00845407505518263,
            0.0003276469398705291,
            0.009851579565413679,
            0.0005561904213972111,
            0.011763487543023036,
            0.0012384743600895734,
            0.0022784383589248575,
            0.00033664091554869304,
            0.00265522171778563,
            0.0018766170443676022,
            0.0005164290194288274,
            0.0006501894310896741,
            0.0010751364830960872,
            0.004524613068227111,
            0.0010478557383184202,
            0.0023430882119822457,
            0.005065060306874469,
            0.0019529230639645815,
            0.002221908519178,
            0.0009986921160722215,
            0.008094105528174187,
            0.0042862290980173355,
            0.004768726404239974,
            0.0011599179473634862,
            0.0008352195995778595,
            0.0013443385606282515,
            0.0008323082994331352,
            0.00612049805955023,
            0.0008186395527669619,
            0.00034779795769802977,
            0.0037897741170274473,
            0.0010844455366555606,
            0.0012711893963571158,
            0.00011247224400331257,
            0.0029328105800989854,
            0.0017044321949784076,
            0.005780197650985617,
            0.0020383460264312594,
            0.00048804886351980404,
            0.004649042894843749,
            0.005278424211679647,
            0.0006364583345345275,
            0.0020972732194934674,
            0.0002541810317156339,
            0.0034276706569658813,
            0.0007344689264319552,
            0.00023699152548485697,
            0.0006804243764079058,
            0.0009473526993167599,
            0.00033888365765166495,
            0.0021046814336073472,
            0.0025283334890079056,
            0.006432226494627937,
            0.0005739916131035609,
            0.0015116408290571344,
            0.0026793139219063187,
            0.0007513464113028931,
            0.0007338332854217774,
            0.0018420014702660438,
            0.00017393324868272375,
            0.0007953223956707111,
            0.00010096766538385951,
            0.0004888843303333022,
            0.0023960513671351224,
            0.0034411563021448685,
            0.0013118289636980262,
            0.0012219560742207296,
            0.25326823167026713,
            0.09319709151169245,
            0.039529303860180054,
            0.02280896191172266,
            0.002832514055713231,
            0.0028129994322335355,
            0.0016704839027251075,
            0.0032752207604862236,
            0.0009715901599199109,
            0.0009605379101440033,
            0.0018029173087531093,
            0.0006893798433431949,
            0.00014275285732491248,
            0.00029820635821736617,
            0.00041658622731834626,
            0.02155606960057634,
            0.024571645584762873,
            0.017613756448197262,
            0.010241476952689716,
            0.005827370666171148,
            0.004269464501640345,
            0.006414115481768291,
            0.003786952197527254,
            0.0012527641023810385,
            0.0004081632923787236,
            0.00011028557091022005,
            0.0004220714305837987,
            0.000683320459804774,
            0.00038561493623544946,
            0.027732986256376456,
            0.021666932841063614,
            0.012347324139733065,
            0.012857280117834859
        ]
    },
    "probaAware": true
}