{
    "metrics": {},
    "processed_feature_names": [
        "tz_off",
        "dummy:server_ts:2014-03-28-14",
        "dummy:server_ts:2014-03-28-15",
        "dummy:server_ts:2014-03-31-08",
        "dummy:server_ts:2014-03-31-14",
        "dummy:server_ts:2014-03-31-09",
        "dummy:server_ts:2014-03-31-11",
        "dummy:server_ts:2014-03-17-16",
        "dummy:server_ts:2014-03-23-20",
        "dummy:server_ts:2014-03-26-09",
        "dummy:server_ts:2014-03-03-15",
        "dummy:server_ts:2014-03-26-16",
        "dummy:server_ts:2014-03-25-13",
        "dummy:server_ts:2014-03-31-07",
        "dummy:server_ts:2014-03-29-13",
        "dummy:server_ts:2014-03-24-16",
        "dummy:server_ts:2014-03-21-10",
        "dummy:server_ts:2014-03-28-19",
        "dummy:server_ts:2014-03-04-13",
        "dummy:server_ts:2014-03-21-17",
        "dummy:server_ts:2014-03-14-11",
        "dummy:server_ts:2014-03-31-06",
        "dummy:server_ts:2014-03-18-12",
        "dummy:server_ts:2014-03-28-20",
        "dummy:server_ts:2014-03-05-12",
        "dummy:server_ts:2014-03-04-09",
        "dummy:server_ts:2014-03-26-13",
        "dummy:server_ts:2014-03-28-13",
        "dummy:server_ts:2014-03-03-08",
        "dummy:server_ts:2014-03-31-20",
        "dummy:server_ts:2014-03-11-12",
        "dummy:server_ts:2014-03-12-17",
        "dummy:server_ts:2014-03-03-14",
        "dummy:server_ts:2014-03-18-09",
        "dummy:server_ts:2014-03-28-12",
        "dummy:server_ts:2014-03-07-17",
        "dummy:server_ts:2014-03-27-12",
        "dummy:server_ts:2014-03-22-08",
        "dummy:server_ts:2014-03-31-12",
        "dummy:server_ts:2014-03-05-04",
        "dummy:server_ts:2014-03-12-16",
        "dummy:server_ts:2014-03-31-13",
        "dummy:server_ts:2014-03-28-17",
        "dummy:server_ts:2014-03-04-17",
        "dummy:server_ts:2014-03-31-15",
        "dummy:server_ts:2014-03-13-17",
        "dummy:server_ts:2014-03-24-12",
        "dummy:server_ts:2014-03-07-08",
        "dummy:server_ts:2014-03-30-21",
        "dummy:server_ts:2014-03-07-07",
        "dummy:server_ts:2014-03-04-10",
        "dummy:server_ts:2014-03-21-21",
        "dummy:server_ts:2014-03-18-19",
        "dummy:server_ts:2014-03-28-16",
        "dummy:server_ts:2014-03-06-16",
        "dummy:server_ts:2014-03-10-20",
        "dummy:server_ts:2014-03-25-16",
        "dummy:server_ts:2014-03-07-09",
        "dummy:server_ts:2014-03-17-17",
        "dummy:server_ts:2014-03-12-21",
        "dummy:server_ts:2014-03-03-11",
        "dummy:server_ts:2014-03-06-09",
        "dummy:server_ts:2014-03-08-16",
        "dummy:server_ts:2014-03-28-09",
        "dummy:server_ts:2014-03-21-14",
        "dummy:server_ts:2014-03-29-12",
        "dummy:server_ts:2014-03-31-18",
        "dummy:server_ts:2014-03-16-18",
        "dummy:server_ts:2014-03-03-10",
        "dummy:server_ts:2014-03-26-14",
        "dummy:server_ts:2014-03-05-11",
        "dummy:server_ts:2014-03-12-12",
        "dummy:server_ts:2014-03-05-15",
        "dummy:server_ts:2014-03-26-15",
        "dummy:server_ts:2014-03-14-21",
        "dummy:server_ts:2014-03-20-20",
        "dummy:server_ts:2014-03-04-12",
        "dummy:server_ts:2014-03-25-10",
        "dummy:server_ts:2014-03-17-13",
        "dummy:server_ts:2014-03-12-14",
        "dummy:server_ts:2014-03-13-12",
        "dummy:server_ts:2014-03-28-18",
        "dummy:server_ts:2014-03-04-11",
        "dummy:server_ts:2014-03-25-12",
        "dummy:server_ts:2014-03-30-12",
        "dummy:server_ts:2014-03-31-17",
        "dummy:server_ts:2014-03-25-15",
        "dummy:server_ts:2014-03-21-08",
        "dummy:server_ts:2014-03-27-15",
        "dummy:server_ts:2014-03-27-09",
        "dummy:server_ts:2014-03-28-23",
        "dummy:server_ts:2014-03-06-18",
        "dummy:server_ts:2014-03-17-15",
        "dummy:server_ts:2014-03-17-11",
        "dummy:server_ts:2014-03-03-09",
        "dummy:server_ts:2014-03-29-01",
        "dummy:server_ts:2014-03-27-13",
        "dummy:server_ts:2014-03-24-20",
        "dummy:server_ts:2014-03-09-13",
        "dummy:server_ts:2014-03-14-07",
        "dummy:server_ts:2014-03-29-23",
        "dummy:server_ts:2014-03-13-08",
        "dummy:server_ts:N/A",
        "dummy:server_ts:__Others__",
        "dummy:referer:dataiku",
        "dummy:referer:google",
        "dummy:referer:other",
        "dummy:referer:journaldunet",
        "dummy:referer:kdnuggets",
        "dummy:referer:strata",
        "dummy:referer:linkedin",
        "dummy:referer:kaggle",
        "dummy:referer:bananadata",
        "dummy:referer:datatau",
        "dummy:referer:bing",
        "dummy:referer:agoranov",
        "dummy:referer:datajob2013",
        "dummy:referer:practicalquant",
        "dummy:referer:N/A",
        "dummy:referer:__Others__",
        "dummy:br_lang:fr",
        "dummy:br_lang:en",
        "dummy:br_lang:ru",
        "dummy:br_lang:de",
        "dummy:br_lang:pt",
        "dummy:br_lang:es",
        "dummy:br_lang:zh",
        "dummy:br_lang:ja",
        "dummy:br_lang:other",
        "dummy:br_lang:pl",
        "dummy:br_lang:ca",
        "dummy:br_lang:tr",
        "dummy:br_lang:nl",
        "dummy:br_lang:da",
        "dummy:br_lang:N/A",
        "dummy:br_lang:__Others__",
        "dummy:user_agent:windows",
        "dummy:user_agent:macintosh",
        "dummy:user_agent:linux",
        "dummy:user_agent:other",
        "dummy:user_agent:N/A",
        "dummy:user_agent:__Others__"
    ],
    "optimalThreshold": 0.575,
    "usedThreshold": 0.575,
    "perCutData": {
        "cut": [
            0.0,
            0.025,
            0.05,
            0.075,
            0.1,
            0.125,
            0.15,
            0.175,
            0.2,
            0.225,
            0.25,
            0.275,
            0.3,
            0.325,
            0.35,
            0.375,
            0.4,
            0.425,
            0.45,
            0.475,
            0.5,
            0.525,
            0.55,
            0.575,
            0.6,
            0.625,
            0.65,
            0.675,
            0.7,
            0.725,
            0.75,
            0.775,
            0.8,
            0.825,
            0.85,
            0.875,
            0.9,
            0.925,
            0.95,
            0.975
        ],
        "tp": [
            799,
            799,
            799,
            799,
            799,
            799,
            799,
            799,
            796,
            793,
            790,
            786,
            783,
            769,
            736,
            729,
            709,
            690,
            644,
            616,
            566,
            544,
            524,
            506,
            453,
            396,
            325,
            226,
            153,
            102,
            69,
            48,
            17,
            17,
            10,
            10,
            0,
            0,
            0,
            0
        ],
        "tn": [
            0,
            0,
            0,
            5,
            5,
            7,
            11,
            43,
            95,
            166,
            208,
            287,
            319,
            373,
            568,
            621,
            755,
            814,
            962,
            1033,
            1079,
            1163,
            1198,
            1269,
            1356,
            1448,
            1469,
            1490,
            1492,
            1497,
            1497,
            1498,
            1498,
            1498,
            1498,
            1498,
            1498,
            1498,
            1498,
            1498
        ],
        "fp": [
            1498,
            1498,
            1498,
            1493,
            1493,
            1491,
            1487,
            1455,
            1403,
            1332,
            1290,
            1211,
            1179,
            1125,
            930,
            877,
            743,
            684,
            536,
            465,
            419,
            335,
            300,
            229,
            142,
            50,
            29,
            8,
            6,
            1,
            1,
            0,
            0,
            0,
            0,
            0,
            0,
            0,
            0,
            0
        ],
        "fn": [
            0,
            0,
            0,
            0,
            0,
            0,
            0,
            0,
            3,
            6,
            9,
            13,
            16,
            30,
            63,
            70,
            90,
            109,
            155,
            183,
            233,
            255,
            275,
            293,
            346,
            403,
            474,
            573,
            646,
            697,
            730,
            751,
            782,
            782,
            789,
            789,
            799,
            799,
            799,
            799
        ],
        "precision": [
            0.347845015237266,
            0.347845015237266,
            0.347845015237266,
            0.3486038394415358,
            0.3486038394415358,
            0.34890829694323144,
            0.34951881014873143,
            0.3544809228039042,
            0.3619827194179172,
            0.3731764705882353,
            0.3798076923076923,
            0.39359038557836756,
            0.39908256880733944,
            0.40601900739176344,
            0.4417767106842737,
            0.4539227895392279,
            0.48829201101928377,
            0.5021834061135371,
            0.5457627118644067,
            0.5698427382053654,
            0.5746192893401015,
            0.6188850967007964,
            0.6359223300970874,
            0.6884353741496598,
            0.761344537815126,
            0.8878923766816144,
            0.9180790960451978,
            0.9658119658119658,
            0.9622641509433962,
            0.9902912621359223,
            0.9857142857142858,
            1.0,
            1.0,
            1.0,
            1.0,
            1.0,
            0.0,
            0.0,
            0.0,
            0.0
        ],
        "recall": [
            1.0,
            1.0,
            1.0,
            1.0,
            1.0,
            1.0,
            1.0,
            1.0,
            0.9962453066332916,
            0.9924906132665833,
            0.9887359198998749,
            0.983729662077597,
            0.9799749687108886,
            0.9624530663329162,
            0.9211514392991239,
            0.9123904881101377,
            0.8873591989987485,
            0.8635794743429287,
            0.8060075093867334,
            0.7709637046307884,
            0.7083854818523154,
            0.6808510638297872,
            0.655819774718398,
            0.6332916145181476,
            0.5669586983729662,
            0.4956195244055069,
            0.4067584480600751,
            0.2828535669586984,
            0.19148936170212766,
            0.1276595744680851,
            0.08635794743429287,
            0.060075093867334166,
            0.02127659574468085,
            0.02127659574468085,
            0.012515644555694618,
            0.012515644555694618,
            0.0,
            0.0,
            0.0,
            0.0
        ],
        "accuracy": [
            0.347845015237266,
            0.347845015237266,
            0.347845015237266,
            0.3500217675228559,
            0.3500217675228559,
            0.3508924684370919,
            0.35263387026556375,
            0.3665650848933391,
            0.38789725729212016,
            0.4175010883761428,
            0.434479756203744,
            0.4671310404875925,
            0.47975620374401395,
            0.4971702220287331,
            0.5676969960818459,
            0.5877231171092729,
            0.6373530692207227,
            0.6547670875054419,
            0.6991728341314758,
            0.717892903787549,
            0.7161515019590771,
            0.7431432303003919,
            0.7496734871571615,
            0.7727470613844144,
            0.7875489769264258,
            0.8027862429255551,
            0.7810187200696561,
            0.7470613844144537,
            0.7161515019590771,
            0.69612538093165,
            0.6817588158467567,
            0.673051806704397,
            0.6595559425337396,
            0.6595559425337396,
            0.6565084893339138,
            0.6565084893339138,
            0.652154984762734,
            0.652154984762734,
            0.652154984762734,
            0.652154984762734
        ],
        "f1": [
            0.5161498708010336,
            0.5161498708010336,
            0.5161498708010336,
            0.5169847945648657,
            0.5169847945648657,
            0.5173195208805438,
            0.5179902755267424,
            0.5234195872911891,
            0.5310206804536358,
            0.542407660738714,
            0.5488016672455714,
            0.5622317596566523,
            0.5671858022455631,
            0.5711102859264761,
            0.5971602434077079,
            0.6062370062370063,
            0.6299422478898268,
            0.6350667280257708,
            0.6508337544214249,
            0.6553191489361702,
            0.6345291479820627,
            0.6483909415971394,
            0.6457178065311153,
            0.6597131681877444,
            0.6499282639885222,
            0.636144578313253,
            0.5637467476149176,
            0.4375605033881898,
            0.31941544885177453,
            0.22616407982261638,
            0.15880322209436135,
            0.11334120425029515,
            0.04166666666666667,
            0.04166666666666667,
            0.024721878862793572,
            0.024721878862793572,
            0.0,
            0.0,
            0.0,
            0.0
        ],
        "mcc": [
            0.0,
            0.0,
            0.0,
            0.03411105710901641,
            0.03411105710901641,
            0.04037836800241517,
            0.0506612279866848,
            0.10087295768358519,
            0.1406080436969881,
            0.18694208593920617,
            0.20776703706157532,
            0.24780339483942365,
            0.26034376564586786,
            0.2647878364974608,
            0.320454724706472,
            0.3395391401688385,
            0.3865441513068316,
            0.3953649656755335,
            0.4271011530832449,
            0.4394670093435936,
            0.4125500860535319,
            0.4480449020069656,
            0.4523795785511639,
            0.4905318417471085,
            0.5133167268112615,
            0.5565802190600353,
            0.5110343577563154,
            0.4369736635938311,
            0.35179619969575887,
            0.2922596069903628,
            0.23743912914879156,
            0.20003611347283148,
            0.1182332300069015,
            0.1182332300069015,
            0.09054186474622122,
            0.09054186474622122,
            0.0,
            0.0,
            0.0,
            0.0
        ],
        "hammingLoss": [
            0.6521549847627339,
            0.6521549847627339,
            0.6521549847627339,
            0.6499782324771441,
            0.6499782324771441,
            0.6491075315629081,
            0.6473661297344362,
            0.633434915106661,
            0.6121027427078798,
            0.5824989116238573,
            0.565520243796256,
            0.5328689595124074,
            0.520243796255986,
            0.5028297779712669,
            0.4323030039181541,
            0.41227688289072706,
            0.36264693077927734,
            0.3452329124945581,
            0.3008271658685242,
            0.282107096212451,
            0.28384849804092294,
            0.25685676969960813,
            0.25032651284283847,
            0.2272529386155856,
            0.21245102307357422,
            0.19721375707444488,
            0.2189812799303439,
            0.2529386155855463,
            0.28384849804092294,
            0.30387461906835,
            0.3182411841532433,
            0.326948193295603,
            0.3404440574662604,
            0.3404440574662604,
            0.3434915106660862,
            0.3434915106660862,
            0.34784501523726596,
            0.34784501523726596,
            0.34784501523726596,
            0.34784501523726596
        ],
        "assertionsMetrics": [],
        "overridesMetrics": []
    },
    "tiMetrics": {
        "auc": 0.8239074711212782,
        "logLoss": 0.5570095156658119,
        "lift": 1.7286640980964767,
        "averagePrecision": 0.770342850600658,
        "calibrationLoss": 0.1696504173783721
    },
    "probaPercentiles": [
        0.16517903352822635,
        0.17761338542383076,
        0.18698930469713562,
        0.19699953613563442,
        0.20914827099843042,
        0.21960360834144102,
        0.21972420974879953,
        0.23546638494403482,
        0.24741283938951195,
        0.2554757941420378,
        0.25747606170318077,
        0.2635640109799533,
        0.27312799087399975,
        0.29558690721521186,
        0.3064501957829957,
        0.3211977546668149,
        0.3219347003695765,
        0.32902885872290444,
        0.34396282959122304,
        0.34514819452785545,
        0.3481736956400632,
        0.3481736956400632,
        0.3481736956400632,
        0.3481736956400632,
        0.3481736956400632,
        0.3481736956400632,
        0.3481736956400632,
        0.3586315818995156,
        0.3720357256700382,
        0.37406517060963007,
        0.37758294572811074,
        0.3808720812505564,
        0.3808720812505564,
        0.3835848119261893,
        0.39005696845220217,
        0.39914695774387177,
        0.4026637772177567,
        0.40860579806440633,
        0.42098388425141825,
        0.422550881010778,
        0.43095425168626367,
        0.43585227976355556,
        0.4405208955484383,
        0.4429899800606086,
        0.4475520629213149,
        0.4475520629213149,
        0.4475520629213149,
        0.4475520629213149,
        0.4538159185308053,
        0.4591578091731797,
        0.46661673572400403,
        0.46661673572400403,
        0.4777425690591368,
        0.48107661053993667,
        0.49507321218531586,
        0.49565220304784796,
        0.4987889040790374,
        0.5096662572419337,
        0.5153021103913141,
        0.5153021103913141,
        0.5177614497255831,
        0.5309109741454212,
        0.5374063325063562,
        0.5473247637460883,
        0.5522871250578922,
        0.5559725238397271,
        0.5601012266798502,
        0.5721292045984676,
        0.5751936716259236,
        0.5782950928838748,
        0.5839323023029551,
        0.5902589646359601,
        0.5914804895973313,
        0.598786589021842,
        0.6057105461475654,
        0.6057105461475654,
        0.6128955628773077,
        0.6141392984674969,
        0.6174671734523723,
        0.6215624460017696,
        0.6291184339540615,
        0.6389322066592027,
        0.64315753495132,
        0.6445797111479961,
        0.6524349775327977,
        0.6559215162755279,
        0.6597779812582517,
        0.665596615100452,
        0.6726337394695733,
        0.6779042231486859,
        0.6811908474414693,
        0.6866002293214752,
        0.6999649449045293,
        0.7081127531202246,
        0.7119043998550116,
        0.7286613915398341,
        0.7500657270400681,
        0.7776325640927614,
        0.7804853118083217
    ],
    "rocVizData": [
        [
            {
                "x": 0.0,
                "y": 0.0,
                "p": 1.8958330583218508
            },
            {
                "x": 0.0,
                "y": 0.057571964956195244,
                "p": 0.7791509446664875
            },
            {
                "x": 0.0006675567423230974,
                "y": 0.11013767209011265,
                "p": 0.7320950920515239
            },
            {
                "x": 0.0013351134846461949,
                "y": 0.1677096370463079,
                "p": 0.7090649201019594
            },
            {
                "x": 0.004005340453938585,
                "y": 0.22152690863579474,
                "p": 0.6937752351799115
            },
            {
                "x": 0.0053404539385847796,
                "y": 0.27284105131414266,
                "p": 0.6779663435345311
            },
            {
                "x": 0.011348464619492658,
                "y": 0.327909887359199,
                "p": 0.665596615100452
            },
            {
                "x": 0.01602136181575434,
                "y": 0.376720901126408,
                "p": 0.6559215162755279
            },
            {
                "x": 0.021361815754339118,
                "y": 0.425531914893617,
                "p": 0.6445797111479961
            },
            {
                "x": 0.02870493991989319,
                "y": 0.47309136420525655,
                "p": 0.6331251515533375
            },
            {
                "x": 0.048731642189586116,
                "y": 0.5068836045056321,
                "p": 0.6194794303795662
            },
            {
                "x": 0.0794392523364486,
                "y": 0.5356695869837297,
                "p": 0.6063550074014127
            },
            {
                "x": 0.102803738317757,
                "y": 0.5757196495619524,
                "p": 0.5947844366200864
            },
            {
                "x": 0.12817089452603472,
                "y": 0.6120150187734669,
                "p": 0.5809836772150716
            },
            {
                "x": 0.16622162883845126,
                "y": 0.6345431789737171,
                "p": 0.5604767532248602
            },
            {
                "x": 0.20026702269692923,
                "y": 0.6570713391739674,
                "p": 0.549260335549218
            },
            {
                "x": 0.22563417890520696,
                "y": 0.6833541927409261,
                "p": 0.5247059212187755
            },
            {
                "x": 0.2683578104138852,
                "y": 0.7021276595744681,
                "p": 0.5111650652923264
            },
            {
                "x": 0.2857142857142857,
                "y": 0.7421777221526908,
                "p": 0.49565220304784796
            },
            {
                "x": 0.3104138851802403,
                "y": 0.7759699624530664,
                "p": 0.47232614686722896
            },
            {
                "x": 0.3538050734312417,
                "y": 0.7947434292866082,
                "p": 0.4545631710763077
            },
            {
                "x": 0.40520694259012013,
                "y": 0.8448060075093867,
                "p": 0.4475520629213149
            },
            {
                "x": 0.4459279038718291,
                "y": 0.8635794743429287,
                "p": 0.43061872910274623
            },
            {
                "x": 0.48531375166889185,
                "y": 0.8798498122653317,
                "p": 0.40611304090942413
            },
            {
                "x": 0.5260347129506008,
                "y": 0.8948685857321652,
                "p": 0.38643305248077325
            },
            {
                "x": 0.5734312416555407,
                "y": 0.9061326658322904,
                "p": 0.3786296529721942
            },
            {
                "x": 0.6154873164218959,
                "y": 0.9211514392991239,
                "p": 0.35478328780366825
            },
            {
                "x": 0.7076101468624834,
                "y": 0.9486858573216521,
                "p": 0.3481736956400632
            },
            {
                "x": 0.7510013351134847,
                "y": 0.9624530663329162,
                "p": 0.32612818294916074
            },
            {
                "x": 0.7917222963951935,
                "y": 0.9824780976220275,
                "p": 0.29870944991320375
            },
            {
                "x": 0.8397863818424566,
                "y": 0.9874843554443054,
                "p": 0.25747606170318077
            },
            {
                "x": 0.8891855807743658,
                "y": 0.9924906132665833,
                "p": 0.22632418932384188
            },
            {
                "x": 0.9392523364485982,
                "y": 0.9962453066332916,
                "p": 0.19735227990814086
            },
            {
                "x": 0.9899866488651535,
                "y": 1.0,
                "p": 0.16336582977027836
            },
            {
                "x": 1.0,
                "y": 1.0,
                "p": 0.07476390520450876
            }
        ]
    ],
    "liftVizData": {
        "bins": [
            {
                "bin_pos_prop": 0.9646017699,
                "bin_lift": 2.7730791808,
                "cum_lift": 0.2728410513,
                "cum_size": 0.0983892033,
                "bin_min": 0.6779042231,
                "bin_max": 0.8958330583,
                "percentile_idx": 0
            },
            {
                "bin_pos_prop": 0.7896995708,
                "bin_lift": 2.2702627211,
                "cum_lift": 0.5031289111,
                "cum_size": 0.1998258598,
                "bin_min": 0.621562446,
                "bin_max": 0.6779042231,
                "percentile_idx": 1
            },
            {
                "bin_pos_prop": 0.384279476,
                "bin_lift": 1.1047433746,
                "cum_lift": 0.6132665832,
                "cum_size": 0.2995211145,
                "bin_min": 0.5782950929,
                "bin_max": 0.621562446,
                "percentile_idx": 2
            },
            {
                "bin_pos_prop": 0.2592592593,
                "bin_lift": 0.7453298104,
                "cum_lift": 0.6833541927,
                "cum_size": 0.3935568132,
                "bin_min": 0.5153021104,
                "bin_max": 0.5782950929,
                "percentile_idx": 3
            },
            {
                "bin_pos_prop": 0.3621399177,
                "bin_lift": 1.0410956082,
                "cum_lift": 0.7934918648,
                "cum_size": 0.4993469743,
                "bin_min": 0.4591578092,
                "bin_max": 0.5153021104,
                "percentile_idx": 4
            },
            {
                "bin_pos_prop": 0.2467532468,
                "bin_lift": 0.709376981,
                "cum_lift": 0.8648310388,
                "cum_size": 0.5999129299,
                "bin_min": 0.422550881,
                "bin_max": 0.4591578092,
                "percentile_idx": 5
            },
            {
                "bin_pos_prop": 0.1652173913,
                "bin_lift": 0.4749741525,
                "cum_lift": 0.9123904881,
                "cum_size": 0.700043535,
                "bin_min": 0.3740651706,
                "bin_max": 0.422550881,
                "percentile_idx": 6
            },
            {
                "bin_pos_prop": 0.1367924528,
                "bin_lift": 0.3932569013,
                "cum_lift": 0.9486858573,
                "cum_size": 0.792337832,
                "bin_min": 0.3451481945,
                "bin_max": 0.3740651706,
                "percentile_idx": 7
            },
            {
                "bin_pos_prop": 0.1379310345,
                "bin_lift": 0.3965301454,
                "cum_lift": 0.9887359199,
                "cum_size": 0.893339138,
                "bin_min": 0.2554757941,
                "bin_max": 0.3451481945,
                "percentile_idx": 8
            },
            {
                "bin_pos_prop": 0.0367346939,
                "bin_lift": 0.1056064979,
                "cum_lift": 1.0,
                "cum_size": 1.0,
                "bin_min": 0.0747639052,
                "bin_max": 0.2554757941,
                "percentile_idx": 9
            }
        ],
        "wizard": {
            "positives": 799,
            "total": 2297
        }
    },
    "prVizData": [
        {
            "bins": [
                {
                    "x": 1.0,
                    "y": 0.3560606060606061,
                    "p": 0.17822247580616263
                },
                {
                    "x": 0.983729662077597,
                    "y": 0.3931965982991496,
                    "p": 0.2726273229806535
                },
                {
                    "x": 0.9486858573216521,
                    "y": 0.4164835164835165,
                    "p": 0.3463955600027374
                },
                {
                    "x": 0.9161451814768461,
                    "y": 0.4488044144696505,
                    "p": 0.37216629938003915
                },
                {
                    "x": 0.8923654568210263,
                    "y": 0.4814314652261985,
                    "p": 0.39664779540544254
                },
                {
                    "x": 0.8635794743429287,
                    "y": 0.5018181818181818,
                    "p": 0.42413847600559146
                },
                {
                    "x": 0.8110137672090113,
                    "y": 0.5431684828164292,
                    "p": 0.44765260292068815
                },
                {
                    "x": 0.7759699624530664,
                    "y": 0.5636363636363636,
                    "p": 0.46785629861882116
                },
                {
                    "x": 0.7421777221526908,
                    "y": 0.5802348336594912,
                    "p": 0.49533406463676016
                },
                {
                    "x": 0.7021276595744681,
                    "y": 0.5825545171339563,
                    "p": 0.5111650652923264
                },
                {
                    "x": 0.6808510638297872,
                    "y": 0.6188850967007964,
                    "p": 0.5260686154745413
                },
                {
                    "x": 0.6570713391739674,
                    "y": 0.6363636363636364,
                    "p": 0.549260335549218
                },
                {
                    "x": 0.6357947434292867,
                    "y": 0.6693017127799736,
                    "p": 0.5599694201480471
                },
                {
                    "x": 0.6195244055068836,
                    "y": 0.7091690544412608,
                    "p": 0.5780318521031028
                },
                {
                    "x": 0.5982478097622027,
                    "y": 0.7387944358578052,
                    "p": 0.5889122061428317
                },
                {
                    "x": 0.5632040050062578,
                    "y": 0.7627118644067796,
                    "p": 0.6018389873869423
                },
                {
                    "x": 0.5281602002503129,
                    "y": 0.7843866171003717,
                    "p": 0.6102493055757412
                },
                {
                    "x": 0.5131414267834794,
                    "y": 0.8299595141700404,
                    "p": 0.6166183693704828
                },
                {
                    "x": 0.5031289111389237,
                    "y": 0.8758169934640523,
                    "p": 0.6220760863027184
                },
                {
                    "x": 0.47309136420525655,
                    "y": 0.8978622327790974,
                    "p": 0.6331251515533375
                },
                {
                    "x": 0.4292866082603254,
                    "y": 0.9146666666666666,
                    "p": 0.6442699463904548
                },
                {
                    "x": 0.38172715894868586,
                    "y": 0.9214501510574018,
                    "p": 0.6541287937646386
                },
                {
                    "x": 0.344180225281602,
                    "y": 0.935374149659864,
                    "p": 0.6612016335798832
                },
                {
                    "x": 0.3053817271589487,
                    "y": 0.9457364341085271,
                    "p": 0.6726337394695733
                },
                {
                    "x": 0.2640801001251564,
                    "y": 0.9634703196347032,
                    "p": 0.6796680827138953
                },
                {
                    "x": 0.20525657071339173,
                    "y": 0.9647058823529412,
                    "p": 0.6969742932878122
                },
                {
                    "x": 0.1677096370463079,
                    "y": 0.9852941176470589,
                    "p": 0.7090649201019594
                },
                {
                    "x": 0.11013767209011265,
                    "y": 0.9887640449438202,
                    "p": 0.7320950920515239
                },
                {
                    "x": 0.060075093867334166,
                    "y": 1.0,
                    "p": 0.7775005309993941
                },
                {
                    "x": 0.012515644555694618,
                    "y": 1.0,
                    "p": 0.8958330583218508
                }
            ],
            "positiveRate": 0.347845015237266
        }
    ],
    "densityData": {
        "0.0": {
            "actualIsThisClass": [
                1.1117455745539879e-13,
                9.436585868509444e-13,
                7.280011764711968e-12,
                5.10455061315226e-11,
                3.253060537532388e-10,
                1.8842460581664977e-09,
                9.919659478845008e-09,
                4.746511177714158e-08,
                2.0643311694436508e-07,
                8.160676058653367e-07,
                2.932516748759372e-06,
                9.580035608811908e-06,
                2.845664840240898e-05,
                7.688219911991827e-05,
                0.00018902934960137114,
                0.00042335525352498376,
                0.0008651002071328532,
                0.0016175003513852371,
                0.002780562909539508,
                0.004429955094688073,
                0.006623846443846564,
                0.00946586182587454,
                0.013224580689022313,
                0.01846536445401113,
                0.02612782201280152,
                0.037517182254057736,
                0.05425548766862654,
                0.0782899479543478,
                0.11202078605431434,
                0.1585064466621002,
                0.22160591120068587,
                0.3058669602514589,
                0.41594179776236245,
                0.555329343999291,
                0.724458848141503,
                0.9186505870374045,
                1.1270584676476039,
                1.3337078745083133,
                1.5208205434221647,
                1.6732419648721084,
                1.7820441161009275,
                1.8459192498621333,
                1.8703021052848428,
                1.8651313651205423,
                1.8422574252000334,
                1.8131965681752202,
                1.7878190862117453,
                1.7744347237309355,
                1.7809623453680279,
                1.815620304887141,
                1.8852057420527202,
                1.9906961854100593,
                2.1228290930715046,
                2.261905357374701,
                2.38421129929925,
                2.4728598070916075,
                2.5269184361150088,
                2.5627720720825833,
                2.606071847973548,
                2.6782232001657005,
                2.784261200354655,
                2.907698835351431,
                3.014227055151919,
                3.0626497969800357,
                3.0193082772771103,
                2.8711368929261587,
                2.6323404797237844,
                2.3413934377488346,
                2.048947648020655,
                1.8015546146386983,
                1.6280716720415298,
                1.53392125413569,
                1.504263152793375,
                1.5131595466352323,
                1.5338788072762894,
                1.546089427653331,
                1.538105717635109,
                1.5050954948816229,
                1.4457659828355152,
                1.3598943271049382,
                1.2477509158554418,
                1.1110927618370001,
                0.9546605115227988,
                0.7870107410007037,
                0.6198687266022634,
                0.465899910800555,
                0.3356589293909462,
                0.2350107959005801,
                0.16413122850417286,
                0.11838515847606419,
                0.09050353431649646,
                0.07304249417954163,
                0.060230459023959126,
                0.04876089889081276,
                0.037578226774643564,
                0.027043226343584623,
                0.017976512159328675,
                0.01097112926737077,
                0.0061264020562775984,
                0.0031237754463784343
            ],
            "actualIsNotThisClass": [
                0.0030725857782024704,
                0.006161996742955511,
                0.011525156913624534,
                0.020113393690844934,
                0.032775128753648915,
                0.04992133861163021,
                0.07118831653300653,
                0.09527314371023965,
                0.12011103361451998,
                0.14344923010188373,
                0.1636865338500628,
                0.18069278780717388,
                0.19629901016395906,
                0.21427287959654304,
                0.2397800018337407,
                0.27846621381153175,
                0.335346061161889,
                0.4137145022027724,
                0.5143813217311837,
                0.6356067105068093,
                0.774019755931459,
                0.9264111325156505,
                1.091734240352717,
                1.272290871004043,
                1.4732604931687814,
                1.7004619712929332,
                1.9571131046254389,
                2.2408478704821855,
                2.5421045616716347,
                2.844391961106908,
                3.126298766691809,
                3.3647320846532076,
                3.5387386140292247,
                3.6331871759640633,
                3.6414967942703482,
                3.56663919939345,
                3.42004532648822,
                3.218780369591481,
                2.9820589012688785,
                2.728381034620492,
                2.4740921426780376,
                2.233283808708541,
                2.0182300899624632,
                1.8394294245703215,
                1.7048078585803605,
                1.6183522062965991,
                1.5789134838599814,
                1.5799017986085155,
                1.610160784441432,
                1.6557633842090316,
                1.7021353314223588,
                1.7359514195962338,
                1.7465743685028559,
                1.7271337321782245,
                1.6753974342317008,
                1.5943315388988804,
                1.4919298838734534,
                1.3798746724207143,
                1.2709985330789328,
                1.1761395557714314,
                1.1014037708099522,
                1.0467918768885809,
                1.0066442480626188,
                0.9716924309334781,
                0.9319844303468556,
                0.8797438899213357,
                0.8113393924447332,
                0.7278923234472936,
                0.6345095275845916,
                0.5385426861347545,
                0.44751782939605317,
                0.3673782537736564,
                0.30147172966444413,
                0.250397684510533,
                0.2125444343380757,
                0.18498596443692816,
                0.16439898094317804,
                0.14776618032159253,
                0.13277847029688516,
                0.11796838763115779,
                0.10266286998681601,
                0.08683985623441609,
                0.07094073358340491,
                0.05566298779451109,
                0.041751036452373415,
                0.029812340573563363,
                0.0201924862357415,
                0.012933271087938103,
                0.007813012796555913,
                0.0044419534238797674,
                0.002372428940147579,
                0.0011886011158965342,
                0.0005579327835724959,
                0.0002451366810943157,
                0.00010073352777889478,
                3.869040535577115e-05,
                1.3882669386792659e-05,
                4.651601192232196e-06,
                1.4549396221480779e-06,
                4.246985468569391e-07
            ],
            "actualIsThisClassMedian": 0.6006235091718548,
            "actualIsNotThisClassMedian": 0.3779239136972815
        },
        "1.0": {
            "actualIsThisClass": [
                4.2469854685692476e-07,
                1.4549396221480726e-06,
                4.65160119223213e-06,
                1.3882669386792337e-05,
                3.86904053557706e-05,
                0.00010073352777889425,
                0.0002451366810943131,
                0.0005579327835724943,
                0.0011886011158965268,
                0.002372428940147564,
                0.004441953423879772,
                0.007813012796555899,
                0.01293327108793808,
                0.020192486235741453,
                0.02981234057356334,
                0.041751036452373304,
                0.055662987794510996,
                0.07094073358340491,
                0.08683985623441587,
                0.10266286998681656,
                0.11796838763115769,
                0.13277847029688505,
                0.14776618032159253,
                0.1643989809431779,
                0.18498596443692833,
                0.21254443433807438,
                0.250397684510533,
                0.3014717296644436,
                0.36737825377365446,
                0.447517829396052,
                0.5385426861347516,
                0.6345095275845893,
                0.7278923234472948,
                0.8113393924447289,
                0.8797438899213372,
                0.9319844303468556,
                0.9716924309334798,
                1.0066442480626205,
                1.0467918768885902,
                1.101403770809954,
                1.1761395557714167,
                1.2709985330789284,
                1.3798746724207118,
                1.4919298838734323,
                1.5943315388988748,
                1.6753974342316948,
                1.7271337321782398,
                1.7465743685028312,
                1.7359514195962154,
                1.702135331422362,
                1.6557633842090258,
                1.6101607844414292,
                1.5799017986085016,
                1.5789134838599759,
                1.6183522062966134,
                1.7048078585803546,
                1.8394294245703282,
                2.0182300899624455,
                2.233283808708549,
                2.4740921426780376,
                2.7283810346205115,
                2.9820589012688945,
                3.2187803695914754,
                3.4200453264882076,
                3.5666391993934625,
                3.6414967942703287,
                3.6331871759640566,
                3.538738614029256,
                3.3647320846532196,
                3.1262987666918143,
                2.844391961106893,
                2.5421045616716254,
                2.2408478704821975,
                1.9571131046254076,
                1.7004619712929452,
                1.473260493168763,
                1.2722908710040453,
                1.0917342403527268,
                0.9264111325156423,
                0.7740197559314536,
                0.6356067105068058,
                0.5143813217311828,
                0.4137145022027717,
                0.3353460611618884,
                0.2784662138115283,
                0.2397800018337407,
                0.21427287959654343,
                0.19629901016395943,
                0.18069278780717354,
                0.16368653385006324,
                0.143449230101884,
                0.12011103361451977,
                0.09527314371023939,
                0.07118831653300646,
                0.04992133861162981,
                0.032775128753648665,
                0.020113393690844826,
                0.0115251569136244,
                0.006161996742955461,
                0.003072585778202454
            ],
            "actualIsNotThisClass": [
                0.0031237754463784425,
                0.006126402056277604,
                0.010971129267370826,
                0.01797651215932871,
                0.027043226343584716,
                0.03757822677464373,
                0.048760898890813455,
                0.060230459023958856,
                0.07304249417954214,
                0.09050353431649663,
                0.11838515847606482,
                0.16413122850417314,
                0.23501079590058135,
                0.3356589293909486,
                0.4658999108005583,
                0.6198687266022513,
                0.787010741000705,
                0.9546605115228115,
                1.1110927618370199,
                1.247750915855453,
                1.3598943271049466,
                1.4457659828355074,
                1.5050954948816282,
                1.5381057176350994,
                1.5460894276533297,
                1.5338788072762541,
                1.513159546635227,
                1.5042631527933643,
                1.5339212541356873,
                1.6280716720415414,
                1.8015546146386743,
                2.048947648020648,
                2.341393437748851,
                2.6323404797237515,
                2.8711368929261587,
                3.019308277277062,
                3.062649796980052,
                3.014227055151951,
                2.9076988353514674,
                2.7842612003546696,
                2.678223200165667,
                2.606071847973543,
                2.5627720720826064,
                2.5269184361150443,
                2.4728598070916075,
                2.3842112992992415,
                2.2619053573747374,
                2.1228290930715197,
                1.9906961854100347,
                1.885205742052737,
                1.8156203048871202,
                1.7809623453680532,
                1.7744347237309024,
                1.7878190862117707,
                1.8131965681752282,
                1.8422574252000645,
                1.8651313651205539,
                1.870302105284871,
                1.845919249862135,
                1.782044116100891,
                1.673241964872104,
                1.5208205434221809,
                1.3337078745082978,
                1.1270584676476028,
                0.9186505870374021,
                0.7244588481414959,
                0.5553293439992847,
                0.41594179776236023,
                0.3058669602514551,
                0.2216059112006831,
                0.15850644666209796,
                0.11202078605431394,
                0.07828994795434689,
                0.05425548766862572,
                0.03751718225405793,
                0.026127822012801415,
                0.018465364454011448,
                0.013224580689022197,
                0.009465861825874606,
                0.006623846443846587,
                0.00442995509468799,
                0.002780562909539525,
                0.0016175003513852228,
                0.0008651002071328471,
                0.0004233552535249826,
                0.00018902934960137114,
                7.688219911991827e-05,
                2.8456648402408578e-05,
                9.580035608811804e-06,
                2.9325167487593198e-06,
                8.160676058653222e-07,
                2.064331169443636e-07,
                4.74651117771404e-08,
                9.919659478844902e-09,
                1.8842460581664444e-09,
                3.2530605375322953e-10,
                5.1045506131520966e-11,
                7.280011764711658e-12,
                9.43658586850921e-13,
                1.1117455745539682e-13
            ],
            "actualIsThisClassMedian": 0.6220760863027184,
            "actualIsNotThisClassMedian": 0.39937649082814536
        }
    },
    "calibrationData": [
        {
            "y": 0,
            "x": 0,
            "n": 0
        },
        {
            "y": 0.0,
            "x": 0.07476390520450876,
            "n": 5.0
        },
        {
            "y": 0.03225806451612903,
            "x": 0.17526892468275285,
            "n": 93.0
        },
        {
            "y": 0.05485232067510549,
            "x": 0.2468502739902221,
            "n": 237.0
        },
        {
            "y": 0.1450980392156863,
            "x": 0.35601944040356426,
            "n": 510.0
        },
        {
            "y": 0.30620985010706636,
            "x": 0.45186167454315446,
            "n": 467.0
        },
        {
            "y": 0.28974358974358977,
            "x": 0.5528830286378883,
            "n": 390.0
        },
        {
            "y": 0.6880733944954128,
            "x": 0.6442607461950995,
            "n": 436.0
        },
        {
            "y": 0.9577464788732394,
            "x": 0.7392245277744092,
            "n": 142.0
        },
        {
            "y": 1.0,
            "x": 0.8727332494293063,
            "n": 17.0
        },
        {
            "y": 1,
            "x": 1,
            "n": 0
        }
    ],
    "probaDistribData": {
        "bins": [
            0.0,
            0.1,
            0.2,
            0.3,
            0.4,
            0.5,
            0.6,
            0.7,
            0.8,
            0.9,
            1.0
        ],
        "probaDistribs": [
            [
                5.0,
                90.0,
                224.0,
                436.0,
                324.0,
                277.0,
                136.0,
                6.0,
                0.0,
                0.0
            ],
            [
                0.0,
                3.0,
                13.0,
                74.0,
                143.0,
                113.0,
                300.0,
                136.0,
                17.0,
                0.0
            ]
        ]
    },
    "globalMetrics": {
        "testWeight": 2297,
        "targetAvg": [
            0.347845015237266
        ],
        "targetStd": [
            0.47639024169310096
        ],
        "predictionAvg": [
            0.3199825859817153
        ],
        "predictionStd": [
            0.4664694316353103
        ]
    }
}