{
  "state": "DONE",
  "preSearchDescription": {
    "gridLength": 2,
    "searchStrategy": "GRID",
    "importantParams": [
      {
        "name": "trees",
        "vals": [
          "100"
        ]
      },
      {
        "name": "depth",
        "vals": [
          "6",
          "12"
        ]
      },
      {
        "name": "min_samples",
        "vals": [
          "1"
        ]
      }
    ]
  },
  "postSearchDescription": {
    "importantParams": [
      {
        "name": "trees",
        "val": "100"
      },
      {
        "name": "depth",
        "val": "12"
      },
      {
        "name": "min_samples",
        "val": "1"
      }
    ]
  },
  "resumed": false,
  "timeOrderingEnabled": false,
  "sampleWeightsEnabled": false,
  "modelId": "m1",
  "progress": {
    "top_level_todo": [],
    "stack": [],
    "top_level_done": [
      {
        "name": "Loading train set",
        "time": 111
      },
      {
        "name": "Loading test set",
        "time": 15
      },
      {
        "name": "Collecting statistics",
        "time": 24
      },
      {
        "name": "Preprocessing train set",
        "time": 160
      },
      {
        "name": "Preprocessing test set",
        "time": 28
      },
      {
        "name": "Hyperparameter searching",
        "time": 11330
      },
      {
        "name": "Fitting model",
        "time": 987
      },
      {
        "name": "Saving model",
        "time": 119
      },
      {
        "name": "Scoring model",
        "time": 892
      },
      {
        "name": "Preparing explainability",
        "time": 3440
      }
    ]
  },
  "startTime": 1706963852439,
  "endTime": 1706963869647,
  "preprocessingTime": 434,
  "trainingTime": 16774,
  "hyperparamsSearchTime": 11330,
  "pythonVersion": "3.6.8"
}