{
  "starred": true,
  "clusterMetas": {},
  "sessionName": "final_model",
  "customMeta": {
    "kv": {}
  },
  "tags": [],
  "activeClassifierThreshold": 0.575,
  "description": "",
  "name": "Random forest (final_model)",
  "labels": [
    {
      "key": "trainDataset:dataset-name",
      "value": "row_logs_train"
    },
    {
      "key": "testDataset:dataset-name",
      "value": "row_logs_train"
    },
    {
      "key": "evaluationDataset:dataset-name",
      "value": "row_logs_train"
    },
    {
      "key": "model:algorithm",
      "value": "RANDOM_FOREST_CLASSIFICATION"
    },
    {
      "key": "model:name",
      "value": "Random forest (final_model)"
    },
    {
      "key": "model:session-name",
      "value": "final_model"
    },
    {
      "key": "model:date",
      "value": "2024-02-03T12:37:49.647+0000"
    },
    {
      "key": "evaluation:date",
      "value": "2024-02-03T12:37:49.647+0000"
    }
  ]
}