{
  "tags": {
    "ANALYSIS.ZlL5jhLw": {
      "versionNumber": 0,
      "lastModifiedBy": {
        "login": "amrabdelraheem9@gmail.com"
      },
      "lastModifiedOn": 1705787549936,
      "extendedProperties": {}
    },
    "ANALYSIS.dksACr9s": {
      "versionNumber": 0,
      "lastModifiedBy": {
        "login": "amrabdelraheem9@gmail.com"
      },
      "lastModifiedOn": 1706742986385,
      "extendedProperties": {}
    },
    "ANALYSIS.g9l3buub": {
      "versionNumber": 0,
      "lastModifiedBy": {
        "login": "amrabdelraheem9@gmail.com"
      },
      "lastModifiedOn": 1706743238519,
      "extendedProperties": {}
    },
    "ANALYSIS.iJFYSXAJ": {
      "versionNumber": 0,
      "lastModifiedBy": {
        "login": "amrabdelraheem9@gmail.com"
      },
      "lastModifiedOn": 1706963776613,
      "extendedProperties": {}
    },
    "ANALYSIS.w7WwTzR1": {
      "versionNumber": 1,
      "lastModifiedBy": {
        "login": "amrabdelraheem9@gmail.com"
      },
      "lastModifiedOn": 1705787513106,
      "extendedProperties": {}
    },
    "DASHBOARD.SZChAcM": {
      "versionNumber": 0,
      "lastModifiedBy": {
        "login": "amrabdelraheem9@gmail.com"
      },
      "lastModifiedOn": 1705784924987,
      "extendedProperties": {}
    },
    "DATASET.ml_subset": {
      "versionNumber": 1,
      "lastModifiedBy": {
        "login": "amrabdelraheem9@gmail.com"
      },
      "lastModifiedOn": 1706963218590,
      "extendedProperties": {}
    },
    "DATASET.raw_logs": {
      "versionNumber": 1,
      "lastModifiedBy": {
        "login": "amrabdelraheem9@gmail.com"
      },
      "lastModifiedOn": 1705784969065,
      "extendedProperties": {}
    },
    "DATASET.raw_logs_cleaned": {
      "versionNumber": 9,
      "lastModifiedBy": {
        "login": "amrabdelraheem9@gmail.com"
      },
      "lastModifiedOn": 1706964262414,
      "extendedProperties": {}
    },
    "DATASET.raw_logs_test": {
      "versionNumber": 7,
      "lastModifiedBy": {
        "login": "amrabdelraheem9@gmail.com"
      },
      "lastModifiedOn": 1706742162189,
      "extendedProperties": {}
    },
    "DATASET.raw_logs_test_scored": {
      "versionNumber": 0,
      "lastModifiedBy": {
        "login": "amrabdelraheem9@gmail.com"
      },
      "lastModifiedOn": 1705787696723,
      "extendedProperties": {}
    },
    "DATASET.raw_logs_train": {
      "versionNumber": 7,
      "lastModifiedBy": {
        "login": "amrabdelraheem9@gmail.com"
      },
      "lastModifiedOn": 1706742162160,
      "extendedProperties": {}
    },
    "DATASET.row_logs_test": {
      "versionNumber": 3,
      "lastModifiedBy": {
        "login": "amrabdelraheem9@gmail.com"
      },
      "lastModifiedOn": 1706964277908,
      "extendedProperties": {}
    },
    "DATASET.row_logs_test_scored": {
      "versionNumber": 0,
      "lastModifiedBy": {
        "login": "amrabdelraheem9@gmail.com"
      },
      "lastModifiedOn": 1706743399823,
      "extendedProperties": {}
    },
    "DATASET.row_logs_train": {
      "versionNumber": 3,
      "lastModifiedBy": {
        "login": "amrabdelraheem9@gmail.com"
      },
      "lastModifiedOn": 1706964277888,
      "extendedProperties": {}
    },
    "DATASET.row_logs_train_prepared": {
      "versionNumber": 0,
      "lastModifiedBy": {
        "login": "amrabdelraheem9@gmail.com"
      },
      "lastModifiedOn": 1706743288453,
      "extendedProperties": {}
    },
    "LAMBDA_SERVICE.classifier1_v2": {
      "versionNumber": 1,
      "lastModifiedBy": {
        "login": "amrabdelraheem9@gmail.com"
      },
      "lastModifiedOn": 1705826212654,
      "extendedProperties": {}
    },
    "LAMBDA_SERVICE.customer_classifier": {
      "versionNumber": 3,
      "lastModifiedBy": {
        "login": "amrabdelraheem9@gmail.com"
      },
      "lastModifiedOn": 1705826317884,
      "extendedProperties": {}
    },
    "LAMBDA_SERVICE.customer_service_v2": {
      "versionNumber": 3,
      "lastModifiedBy": {
        "login": "amrabdelraheem9@gmail.com"
      },
      "lastModifiedOn": 1706743623288,
      "extendedProperties": {}
    },
    "LAMBDA_SERVICE.v3": {
      "versionNumber": 2,
      "lastModifiedBy": {
        "login": "amrabdelraheem9@gmail.com"
      },
      "lastModifiedOn": 1706743764665,
      "extendedProperties": {}
    },
    "LAMBDA_SERVICE.v4": {
      "versionNumber": 4,
      "lastModifiedBy": {
        "login": "amrabdelraheem9@gmail.com"
      },
      "lastModifiedOn": 1706744123718,
      "extendedProperties": {}
    },
    "PROJECT.WEBSITEVISITSLOGS": {
      "versionNumber": 7,
      "lastModifiedBy": {
        "login": "amrabdelraheem9@gmail.com"
      },
      "lastModifiedOn": 1706964234840,
      "extendedProperties": {}
    },
    "RECIPE.compute_ml_subset": {
      "versionNumber": 0,
      "lastModifiedBy": {
        "login": "amrabdelraheem9@gmail.com"
      },
      "lastModifiedOn": 1706963218602,
      "extendedProperties": {}
    },
    "RECIPE.compute_raw_logs_cleaned": {
      "versionNumber": 22,
      "lastModifiedBy": {
        "login": "amrabdelraheem9@gmail.com"
      },
      "lastModifiedOn": 1706964249239,
      "extendedProperties": {}
    },
    "RECIPE.compute_row_logs_train_prepared": {
      "versionNumber": 0,
      "lastModifiedBy": {
        "login": "amrabdelraheem9@gmail.com"
      },
      "lastModifiedOn": 1706743288459,
      "extendedProperties": {}
    },
    "RECIPE.score_raw_logs_test": {
      "versionNumber": 1,
      "lastModifiedBy": {
        "login": "amrabdelraheem9@gmail.com"
      },
      "lastModifiedOn": 1705787699815,
      "extendedProperties": {}
    },
    "RECIPE.score_row_logs_test": {
      "versionNumber": 1,
      "lastModifiedBy": {
        "login": "amrabdelraheem9@gmail.com"
      },
      "lastModifiedOn": 1706743402758,
      "extendedProperties": {}
    },
    "RECIPE.split_raw_logs_cleaned": {
      "versionNumber": 1,
      "lastModifiedBy": {
        "login": "amrabdelraheem9@gmail.com"
      },
      "lastModifiedOn": 1706742958303,
      "extendedProperties": {}
    },
    "RECIPE.train_Customer_classifier": {
      "versionNumber": 1,
      "lastModifiedBy": {
        "login": "amrabdelraheem9@gmail.com"
      },
      "lastModifiedOn": 1706742858054,
      "extendedProperties": {}
    },
    "RECIPE.train_customer_classifier": {
      "versionNumber": 0,
      "lastModifiedBy": {
        "login": "amrabdelraheem9@gmail.com"
      },
      "lastModifiedOn": 1706743386706,
      "extendedProperties": {}
    },
    "SAVED_MODEL.SAwE8iF9": {
      "versionNumber": 10,
      "lastModifiedBy": {
        "login": "amrabdelraheem9@gmail.com"
      },
      "lastModifiedOn": 1706741372962,
      "extendedProperties": {}
    },
    "SAVED_MODEL.kPw4U6re": {
      "versionNumber": 2,
      "lastModifiedBy": {
        "login": "amrabdelraheem9@gmail.com"
      },
      "lastModifiedOn": 1706964322732,
      "extendedProperties": {}
    }
  }
}