[
    {
        "test_score_gib": 0.8100935555538192,
        "train_score": 0.8142767800976575,
        "test_score": 0.8100935555538192,
        "num_samples": 1825,
        "fit_time": 35,
        "score_time": 517,
        "time": 552,
        "parameters": {
            "C": 0.1,
            "penalty": "l2"
        },
        "done_at": 1706743019312,
        "split_id": 0
    },
    {
        "test_score_gib": 0.7970265117478376,
        "train_score": 0.8152710899983162,
        "test_score": 0.7970265117478376,
        "num_samples": 1825,
        "fit_time": 250,
        "score_time": 806,
        "time": 1056,
        "parameters": {
            "C": 0.1,
            "penalty": "l2"
        },
        "done_at": 1706743019819,
        "split_id": 1
    },
    {
        "test_score_gib": 0.8060437666925131,
        "train_score": 0.8163068651306515,
        "test_score": 0.8060437666925131,
        "num_samples": 1823,
        "fit_time": 28,
        "score_time": 1025,
        "time": 1053,
        "parameters": {
            "C": 0.1,
            "penalty": "l2"
        },
        "done_at": 1706743019818,
        "split_id": 2
    },
    {
        "test_score_gib": 0.8034813109121715,
        "train_score": 0.8163416202314616,
        "test_score": 0.8034813109121715,
        "num_samples": 1823,
        "fit_time": 39,
        "score_time": 817,
        "time": 856,
        "parameters": {
            "C": 0.1,
            "penalty": "l2"
        },
        "done_at": 1706743019621,
        "split_id": 3
    },
    {
        "test_score_gib": 0.8127801666183676,
        "train_score": 0.8148275527682662,
        "test_score": 0.8127801666183676,
        "num_samples": 1823,
        "fit_time": 304,
        "score_time": 888,
        "time": 1192,
        "parameters": {
            "C": 0.1,
            "penalty": "l2"
        },
        "done_at": 1706743020508,
        "split_id": 4
    },
    {
        "test_score_gib": 0.7145455184753987,
        "train_score": 0.7162545146333439,
        "test_score": 0.7145455184753987,
        "num_samples": 1825,
        "fit_time": 299,
        "score_time": 809,
        "time": 1108,
        "parameters": {
            "C": 0.01,
            "penalty": "l2"
        },
        "done_at": 1706743020921,
        "split_id": 0
    },
    {
        "test_score_gib": 0.702356209124792,
        "train_score": 0.7193734490025305,
        "test_score": 0.702356209124792,
        "num_samples": 1825,
        "fit_time": 383,
        "score_time": 718,
        "time": 1101,
        "parameters": {
            "C": 0.01,
            "penalty": "l2"
        },
        "done_at": 1706743020922,
        "split_id": 1
    },
    {
        "test_score_gib": 0.712760194344583,
        "train_score": 0.7186799906776471,
        "test_score": 0.712760194344583,
        "num_samples": 1823,
        "fit_time": 184,
        "score_time": 905,
        "time": 1089,
        "parameters": {
            "C": 0.01,
            "penalty": "l2"
        },
        "done_at": 1706743020917,
        "split_id": 2
    },
    {
        "test_score_gib": 0.7058495265396274,
        "train_score": 0.7184490913150547,
        "test_score": 0.7058495265396274,
        "num_samples": 1823,
        "fit_time": 196,
        "score_time": 301,
        "time": 497,
        "parameters": {
            "C": 0.01,
            "penalty": "l2"
        },
        "done_at": 1706743021008,
        "split_id": 3
    },
    {
        "test_score_gib": 0.7289814662520788,
        "train_score": 0.7175888923838658,
        "test_score": 0.7289814662520788,
        "num_samples": 1823,
        "fit_time": 17,
        "score_time": 478,
        "time": 495,
        "parameters": {
            "C": 0.01,
            "penalty": "l2"
        },
        "done_at": 1706743021504,
        "split_id": 4
    },
    {
        "test_score_gib": 0.8420761675561217,
        "train_score": 0.8467461005676238,
        "test_score": 0.8420761675561217,
        "num_samples": 1825,
        "fit_time": 483,
        "score_time": 606,
        "time": 1089,
        "parameters": {
            "C": 10.0,
            "penalty": "l2"
        },
        "done_at": 1706743022013,
        "split_id": 0
    },
    {
        "test_score_gib": 0.8397906720528828,
        "train_score": 0.8463622624555774,
        "test_score": 0.8397906720528828,
        "num_samples": 1825,
        "fit_time": 680,
        "score_time": 913,
        "time": 1593,
        "parameters": {
            "C": 10.0,
            "penalty": "l2"
        },
        "done_at": 1706743022518,
        "split_id": 1
    },
    {
        "test_score_gib": 0.83524505849396,
        "train_score": 0.8475686912361733,
        "test_score": 0.83524505849396,
        "num_samples": 1823,
        "fit_time": 805,
        "score_time": 597,
        "time": 1402,
        "parameters": {
            "C": 10.0,
            "penalty": "l2"
        },
        "done_at": 1706743022610,
        "split_id": 2
    },
    {
        "test_score_gib": 0.8291881074899943,
        "train_score": 0.8495906395101527,
        "test_score": 0.8291881074899943,
        "num_samples": 1823,
        "fit_time": 813,
        "score_time": 693,
        "time": 1506,
        "parameters": {
            "C": 10.0,
            "penalty": "l2"
        },
        "done_at": 1706743023013,
        "split_id": 3
    },
    {
        "test_score_gib": 0.8393119616950063,
        "train_score": 0.8464613766116507,
        "test_score": 0.8393119616950063,
        "num_samples": 1823,
        "fit_time": 698,
        "score_time": 795,
        "time": 1493,
        "parameters": {
            "C": 10.0,
            "penalty": "l2"
        },
        "done_at": 1706743023507,
        "split_id": 4
    },
    {
        "test_score_gib": 0.8399586657394458,
        "train_score": 0.8442753491132994,
        "test_score": 0.8399586657394458,
        "num_samples": 1825,
        "fit_time": 494,
        "score_time": 513,
        "time": 1007,
        "parameters": {
            "C": 1.0,
            "penalty": "l2"
        },
        "done_at": 1706743023526,
        "split_id": 0
    },
    {
        "test_score_gib": 0.8350165258905617,
        "train_score": 0.8438727573600907,
        "test_score": 0.8350165258905617,
        "num_samples": 1825,
        "fit_time": 593,
        "score_time": 817,
        "time": 1410,
        "parameters": {
            "C": 1.0,
            "penalty": "l2"
        },
        "done_at": 1706743024021,
        "split_id": 1
    },
    {
        "test_score_gib": 0.8338417778195499,
        "train_score": 0.8457480617817755,
        "test_score": 0.8338417778195499,
        "num_samples": 1823,
        "fit_time": 690,
        "score_time": 324,
        "time": 1014,
        "parameters": {
            "C": 1.0,
            "penalty": "l2"
        },
        "done_at": 1706743024029,
        "split_id": 2
    },
    {
        "test_score_gib": 0.827825293514102,
        "train_score": 0.8469665275376113,
        "test_score": 0.827825293514102,
        "num_samples": 1823,
        "fit_time": 889,
        "score_time": 408,
        "time": 1297,
        "parameters": {
            "C": 1.0,
            "penalty": "l2"
        },
        "done_at": 1706743024813,
        "split_id": 3
    },
    {
        "test_score_gib": 0.8369413963882818,
        "train_score": 0.8442705421795726,
        "test_score": 0.8369413963882818,
        "num_samples": 1823,
        "fit_time": 598,
        "score_time": 612,
        "time": 1210,
        "parameters": {
            "C": 1.0,
            "penalty": "l2"
        },
        "done_at": 1706743024907,
        "split_id": 4
    },
    {
        "test_score_gib": 0.842393923056287,
        "train_score": 0.8468588670273074,
        "test_score": 0.842393923056287,
        "num_samples": 1825,
        "fit_time": 1104,
        "score_time": 797,
        "time": 1901,
        "parameters": {
            "C": 100.0,
            "penalty": "l2"
        },
        "done_at": 1706743026406,
        "split_id": 0
    },
    {
        "test_score_gib": 0.8399065746738448,
        "train_score": 0.846718092412236,
        "test_score": 0.8399065746738448,
        "num_samples": 1825,
        "fit_time": 617,
        "score_time": 478,
        "time": 1095,
        "parameters": {
            "C": 100.0,
            "penalty": "l2"
        },
        "done_at": 1706743025606,
        "split_id": 1
    },
    {
        "test_score_gib": 0.8353977876464307,
        "train_score": 0.8477996313433154,
        "test_score": 0.8353977876464307,
        "num_samples": 1823,
        "fit_time": 702,
        "score_time": 910,
        "time": 1612,
        "parameters": {
            "C": 100.0,
            "penalty": "l2"
        },
        "done_at": 1706743026517,
        "split_id": 2
    },
    {
        "test_score_gib": 0.82926904088703,
        "train_score": 0.8497532917521623,
        "test_score": 0.82926904088703,
        "num_samples": 1823,
        "fit_time": 899,
        "score_time": 603,
        "time": 1502,
        "parameters": {
            "C": 100.0,
            "penalty": "l2"
        },
        "done_at": 1706743026513,
        "split_id": 3
    },
    {
        "test_score_gib": 0.8395599833955999,
        "train_score": 0.846643586237469,
        "test_score": 0.8395599833955999,
        "num_samples": 1823,
        "fit_time": 1106,
        "score_time": 204,
        "time": 1310,
        "parameters": {
            "C": 100.0,
            "penalty": "l2"
        },
        "done_at": 1706743026918,
        "split_id": 4
    }
]