{
    "startedAt": 1706743018722,
    "gridSize": 5,
    "nThreads": 4,
    "nSplits": 5,
    "metric": "ROC_AUC",
    "timeout": null,
    "gridPoints": [
        {
            "finishedAt": 1706743020508,
            "score": 0.8058840424437052,
            "testScoreGibMean": 0.8058840424437052,
            "testScoreMean": 0.8058840424437052,
            "testScoreStd": 0.005469385459187234,
            "trainScoreMean": 0.8154045049278248,
            "trainScoreStd": 0.0008142279478741336,
            "time": 4709,
            "fitTimeMean": 131.2,
            "fitTimeStd": 120.31525256591534,
            "scoreTimeMean": 810.6,
            "scoreTimeStd": 166.2655706994085,
            "parameters": {
                "C": 0.1,
                "penalty": "l2"
            }
        },
        {
            "finishedAt": 1706743021504,
            "score": 0.712896631979362,
            "testScoreGibMean": 0.712896631979362,
            "testScoreMean": 0.712896631979362,
            "testScoreStd": 0.009188701267498172,
            "trainScoreMean": 0.718069075657852,
            "trainScoreStd": 0.0010719313668707238,
            "time": 4290,
            "fitTimeMean": 215.8,
            "fitTimeStd": 123.12822584606666,
            "scoreTimeMean": 642.2,
            "scoreTimeStd": 221.8155990907763,
            "parameters": {
                "C": 0.01,
                "penalty": "l2"
            }
        },
        {
            "finishedAt": 1706743023507,
            "score": 0.8371240651436757,
            "testScoreGibMean": 0.8371240651436757,
            "testScoreMean": 0.8371240651436757,
            "testScoreStd": 0.00453697326560019,
            "trainScoreMean": 0.8473454668308953,
            "trainScoreStd": 0.0011997059941324189,
            "time": 7083,
            "fitTimeMean": 695.8,
            "fitTimeStd": 119.33046551488853,
            "scoreTimeMean": 720.8,
            "scoreTimeStd": 119.77044710612046,
            "parameters": {
                "C": 10.0,
                "penalty": "l2"
            }
        },
        {
            "finishedAt": 1706743024907,
            "score": 0.8347179472948624,
            "testScoreGibMean": 0.8347179472948624,
            "testScoreMean": 0.8347179472948624,
            "testScoreStd": 0.0040191824805627255,
            "trainScoreMean": 0.8450262297441102,
            "trainScoreStd": 0.0011619205601084701,
            "time": 5938,
            "fitTimeMean": 652.8,
            "fitTimeStd": 133.3947525204796,
            "scoreTimeMean": 534.8,
            "scoreTimeStd": 171.22312927872798,
            "parameters": {
                "C": 1.0,
                "penalty": "l2"
            }
        },
        {
            "finishedAt": 1706743026918,
            "score": 0.8373071484268196,
            "testScoreGibMean": 0.8373071484268196,
            "testScoreMean": 0.8373071484268196,
            "testScoreStd": 0.004603339961220119,
            "trainScoreMean": 0.8475543576588581,
            "trainScoreStd": 0.001175269234399118,
            "time": 7420,
            "fitTimeMean": 885.6,
            "fitTimeStd": 201.15128634935445,
            "scoreTimeMean": 598.4,
            "scoreTimeStd": 247.63085429727855,
            "parameters": {
                "C": 100.0,
                "penalty": "l2"
            }
        }
    ]
}