{
    "modelInputNRows": 9119,
    "modelInputNCols": 139,
    "modelInputIsSparse": false,
    "modelInputMemory": 10140328,
    "usedGridSearch": true,
    "gridSize": 5,
    "gridBestScore": 0.8373071484268196,
    "gridCells": [
        {
            "params": {
                "C": 0.1,
                "penalty": "l2"
            },
            "score": 0.8058840424437052,
            "scoreStd": 0.005469385459187234,
            "fitTime": 0.13119999999999998,
            "fitTimeStd": 0.12031525256591534,
            "scoreTime": 0.8106,
            "scoreTimeStd": 0.1662655706994085
        },
        {
            "params": {
                "C": 0.01,
                "penalty": "l2"
            },
            "score": 0.712896631979362,
            "scoreStd": 0.009188701267498172,
            "fitTime": 0.21580000000000002,
            "fitTimeStd": 0.12312822584606666,
            "scoreTime": 0.6422,
            "scoreTimeStd": 0.22181559909077628
        },
        {
            "params": {
                "C": 10.0,
                "penalty": "l2"
            },
            "score": 0.8371240651436757,
            "scoreStd": 0.00453697326560019,
            "fitTime": 0.6958,
            "fitTimeStd": 0.11933046551488853,
            "scoreTime": 0.7208,
            "scoreTimeStd": 0.11977044710612046
        },
        {
            "params": {
                "C": 1.0,
                "penalty": "l2"
            },
            "score": 0.8347179472948624,
            "scoreStd": 0.0040191824805627255,
            "fitTime": 0.6527999999999999,
            "fitTimeStd": 0.1333947525204796,
            "scoreTime": 0.5347999999999999,
            "scoreTimeStd": 0.171223129278728
        },
        {
            "params": {
                "C": 100.0,
                "penalty": "l2"
            },
            "score": 0.8373071484268196,
            "scoreStd": 0.004603339961220119,
            "fitTime": 0.8856,
            "fitTimeStd": 0.20115128634935445,
            "scoreTime": 0.5983999999999999,
            "scoreTimeStd": 0.24763085429727855
        }
    ],
    "lmCoefficients": {
        "variables": [
            "tz_off",
            "br_width",
            "br_height",
            "sc_height",
            "sc_width",
            "dummy:server_ts:2014-03-28-14",
            "dummy:server_ts:2014-03-28-15",
            "dummy:server_ts:2014-03-31-08",
            "dummy:server_ts:2014-03-31-14",
            "dummy:server_ts:2014-03-31-09",
            "dummy:server_ts:2014-03-31-11",
            "dummy:server_ts:2014-03-17-16",
            "dummy:server_ts:2014-03-23-20",
            "dummy:server_ts:2014-03-26-09",
            "dummy:server_ts:2014-03-03-15",
            "dummy:server_ts:2014-03-26-16",
            "dummy:server_ts:2014-03-25-13",
            "dummy:server_ts:2014-03-31-07",
            "dummy:server_ts:2014-03-29-13",
            "dummy:server_ts:2014-03-24-16",
            "dummy:server_ts:2014-03-21-10",
            "dummy:server_ts:2014-03-28-19",
            "dummy:server_ts:2014-03-04-13",
            "dummy:server_ts:2014-03-21-17",
            "dummy:server_ts:2014-03-14-11",
            "dummy:server_ts:2014-03-31-06",
            "dummy:server_ts:2014-03-18-12",
            "dummy:server_ts:2014-03-28-20",
            "dummy:server_ts:2014-03-05-12",
            "dummy:server_ts:2014-03-04-09",
            "dummy:server_ts:2014-03-26-13",
            "dummy:server_ts:2014-03-28-13",
            "dummy:server_ts:2014-03-03-08",
            "dummy:server_ts:2014-03-31-20",
            "dummy:server_ts:2014-03-11-12",
            "dummy:server_ts:2014-03-12-17",
            "dummy:server_ts:2014-03-03-14",
            "dummy:server_ts:2014-03-18-09",
            "dummy:server_ts:2014-03-28-12",
            "dummy:server_ts:2014-03-07-17",
            "dummy:server_ts:2014-03-27-12",
            "dummy:server_ts:2014-03-22-08",
            "dummy:server_ts:2014-03-31-12",
            "dummy:server_ts:2014-03-05-04",
            "dummy:server_ts:2014-03-12-16",
            "dummy:server_ts:2014-03-31-13",
            "dummy:server_ts:2014-03-28-17",
            "dummy:server_ts:2014-03-04-17",
            "dummy:server_ts:2014-03-31-15",
            "dummy:server_ts:2014-03-13-17",
            "dummy:server_ts:2014-03-24-12",
            "dummy:server_ts:2014-03-07-08",
            "dummy:server_ts:2014-03-30-21",
            "dummy:server_ts:2014-03-07-07",
            "dummy:server_ts:2014-03-04-10",
            "dummy:server_ts:2014-03-21-21",
            "dummy:server_ts:2014-03-18-19",
            "dummy:server_ts:2014-03-28-16",
            "dummy:server_ts:2014-03-06-16",
            "dummy:server_ts:2014-03-10-20",
            "dummy:server_ts:2014-03-25-16",
            "dummy:server_ts:2014-03-07-09",
            "dummy:server_ts:2014-03-17-17",
            "dummy:server_ts:2014-03-12-21",
            "dummy:server_ts:2014-03-03-11",
            "dummy:server_ts:2014-03-06-09",
            "dummy:server_ts:2014-03-08-16",
            "dummy:server_ts:2014-03-28-09",
            "dummy:server_ts:2014-03-21-14",
            "dummy:server_ts:2014-03-29-12",
            "dummy:server_ts:2014-03-31-18",
            "dummy:server_ts:2014-03-16-18",
            "dummy:server_ts:2014-03-03-10",
            "dummy:server_ts:2014-03-26-14",
            "dummy:server_ts:2014-03-05-11",
            "dummy:server_ts:2014-03-12-12",
            "dummy:server_ts:2014-03-05-15",
            "dummy:server_ts:2014-03-26-15",
            "dummy:server_ts:2014-03-14-21",
            "dummy:server_ts:2014-03-20-20",
            "dummy:server_ts:2014-03-04-12",
            "dummy:server_ts:2014-03-25-10",
            "dummy:server_ts:2014-03-17-13",
            "dummy:server_ts:2014-03-12-14",
            "dummy:server_ts:2014-03-13-12",
            "dummy:server_ts:2014-03-28-18",
            "dummy:server_ts:2014-03-04-11",
            "dummy:server_ts:2014-03-25-12",
            "dummy:server_ts:2014-03-30-12",
            "dummy:server_ts:2014-03-31-17",
            "dummy:server_ts:2014-03-25-15",
            "dummy:server_ts:2014-03-21-08",
            "dummy:server_ts:2014-03-27-15",
            "dummy:server_ts:2014-03-27-09",
            "dummy:server_ts:2014-03-28-23",
            "dummy:server_ts:2014-03-06-18",
            "dummy:server_ts:2014-03-17-15",
            "dummy:server_ts:2014-03-17-11",
            "dummy:server_ts:2014-03-03-09",
            "dummy:server_ts:2014-03-29-01",
            "dummy:server_ts:2014-03-27-13",
            "dummy:server_ts:2014-03-24-20",
            "dummy:server_ts:2014-03-09-13",
            "dummy:server_ts:2014-03-14-07",
            "dummy:server_ts:2014-03-29-23",
            "dummy:server_ts:2014-03-13-08",
            "dummy:referer:dataiku",
            "dummy:referer:google",
            "dummy:referer:other",
            "dummy:referer:journaldunet",
            "dummy:referer:kdnuggets",
            "dummy:referer:strata",
            "dummy:referer:linkedin",
            "dummy:referer:kaggle",
            "dummy:referer:bananadata",
            "dummy:referer:datatau",
            "dummy:referer:bing",
            "dummy:referer:agoranov",
            "dummy:referer:datajob2013",
            "dummy:br_lang:fr",
            "dummy:br_lang:en",
            "dummy:br_lang:ru",
            "dummy:br_lang:de",
            "dummy:br_lang:pt",
            "dummy:br_lang:es",
            "dummy:br_lang:zh",
            "dummy:br_lang:ja",
            "dummy:br_lang:other",
            "dummy:br_lang:pl",
            "dummy:br_lang:ca",
            "dummy:br_lang:tr",
            "dummy:br_lang:nl",
            "dummy:user_agent:windows",
            "dummy:user_agent:macintosh",
            "dummy:user_agent:linux"
        ],
        "coefs": [
            -0.19554568390522026,
            0.20967877581087063,
            0.17296339500153174,
            -0.9728542879467723,
            0.803091770100671,
            0.5842198407669187,
            1.80091673647313,
            2.2478047277210353,
            1.4818934893228284,
            1.1154425578153222,
            2.866327730889956,
            2.4808184371403237,
            1.5896314813253898,
            2.2247477646771645,
            1.7140371384295474,
            1.7593972590442999,
            3.4333652950313254,
            1.4262271319521616,
            -1.5707694958965195,
            -0.2795530017177791,
            1.1687067749475166,
            1.0339201916865104,
            2.8064491405976013,
            1.7260915110274937,
            2.2412605202453886,
            2.1910503565013064,
            3.9494664884680444,
            1.8675252961916706,
            3.0195238276656577,
            3.8697309803704854,
            1.9850004786921935,
            1.0450956755631995,
            1.4527223657053272,
            1.3113813221135504,
            1.8935694992115462,
            1.8606249657020857,
            1.973906276511758,
            2.3963998234494763,
            -5.308159619089165,
            4.378990810808662,
            0.8582389323947268,
            5.0146441328567875,
            0.6397817661011842,
            4.837049502977866,
            0.5821117492115594,
            0.2962799032972579,
            0.6292964697528854,
            0.09592665743762681,
            -0.3698696213905384,
            1.6556951452610054,
            1.75329457484623,
            2.370997383435225,
            -1.6919634777787425,
            1.2078209495389411,
            2.2219989952365813,
            2.8000381812508435,
            0.3340908806541749,
            -0.4266953895434756,
            1.7768280670321897,
            -6.527486130849108,
            3.601622966266795,
            -5.3566994305531965,
            0.6609207106466611,
            1.5199172030237307,
            1.4549380292625798,
            1.3488342300713674,
            3.863140140648279,
            1.0850877877276728,
            1.1392825563458007,
            5.115267458516119,
            1.84991255937809,
            2.6652844851333506,
            1.8556763165462662,
            -5.43510587057955,
            -1.5099542113036097,
            3.7264300689100236,
            -5.189171106837999,
            0.9941937194518233,
            -5.885030444821822,
            4.098514693505415,
            0.8138507720122552,
            -1.1479543636482596,
            2.1107502688975774,
            -4.899314673786189,
            1.3902618908778943,
            1.5356943270542307,
            -0.9526034114925993,
            0.7922153638021473,
            1.6302961244799856,
            -1.7696268332125844,
            -5.247249507341452,
            4.402641747428626,
            1.825268857551407,
            -5.23251408358084,
            4.111771845980321,
            1.292879808994772,
            -2.0341369742861644,
            -5.607903106588721,
            1.0641056920061334,
            5.87677867379828,
            0.45910986025925166,
            2.6951865373889836,
            -2.842037418200183,
            7.082283266069193,
            -0.1300007737228664,
            1.8312551190862734,
            -0.12688714820544564,
            -1.1743490169539401,
            -0.8372067666274757,
            -0.39283683350185716,
            -1.5869542490494526,
            -0.33956715629415724,
            -2.9284626263058424,
            -0.9981902224602681,
            -1.272970087932243,
            -3.795766249831366,
            0.49431586240503245,
            -1.6519764653517348,
            0.23954737921181815,
            5.494443927557193,
            5.940256526950856,
            8.316395622774518,
            7.32302839060137,
            -1.5714100825326913,
            -1.1636957229310068,
            -1.5615136499168805,
            -0.9792745213327659,
            -1.2978314497241716,
            -3.9696708231948867,
            -0.8914510942659015,
            -0.6073459833806676,
            -1.9279192463109014,
            -1.9859760542453875,
            -1.1611656205489296,
            -1.1892171431486807
        ],
        "interceptStderr": null,
        "interceptTstat": null,
        "interceptPvalue": null,
        "interceptCoef": -4.699676832124794,
        "rescaledCoefs": [
            -0.0010767542519733615,
            0.000613769140530444,
            0.0009835279886322478,
            -0.0056226345788512305,
            0.002092730202885744,
            0.5842198407669187,
            1.80091673647313,
            2.2478047277210353,
            1.4818934893228284,
            1.1154425578153222,
            2.866327730889956,
            2.4808184371403237,
            1.5896314813253898,
            2.2247477646771645,
            1.7140371384295474,
            1.7593972590442999,
            3.4333652950313254,
            1.4262271319521616,
            -1.5707694958965195,
            -0.2795530017177791,
            1.1687067749475166,
            1.0339201916865104,
            2.8064491405976013,
            1.7260915110274937,
            2.2412605202453886,
            2.1910503565013064,
            3.9494664884680444,
            1.8675252961916706,
            3.0195238276656577,
            3.8697309803704854,
            1.9850004786921935,
            1.0450956755631995,
            1.4527223657053272,
            1.3113813221135504,
            1.8935694992115462,
            1.8606249657020857,
            1.973906276511758,
            2.3963998234494763,
            -5.308159619089165,
            4.378990810808662,
            0.8582389323947268,
            5.0146441328567875,
            0.6397817661011842,
            4.837049502977866,
            0.5821117492115594,
            0.2962799032972579,
            0.6292964697528854,
            0.09592665743762681,
            -0.3698696213905384,
            1.6556951452610054,
            1.75329457484623,
            2.370997383435225,
            -1.6919634777787425,
            1.2078209495389411,
            2.2219989952365813,
            2.8000381812508435,
            0.3340908806541749,
            -0.4266953895434756,
            1.7768280670321897,
            -6.527486130849108,
            3.601622966266795,
            -5.3566994305531965,
            0.6609207106466611,
            1.5199172030237307,
            1.4549380292625798,
            1.3488342300713674,
            3.863140140648279,
            1.0850877877276728,
            1.1392825563458007,
            5.115267458516119,
            1.84991255937809,
            2.6652844851333506,
            1.8556763165462662,
            -5.43510587057955,
            -1.5099542113036097,
            3.7264300689100236,
            -5.189171106837999,
            0.9941937194518233,
            -5.885030444821822,
            4.098514693505415,
            0.8138507720122552,
            -1.1479543636482596,
            2.1107502688975774,
            -4.899314673786189,
            1.3902618908778943,
            1.5356943270542307,
            -0.9526034114925993,
            0.7922153638021473,
            1.6302961244799856,
            -1.7696268332125844,
            -5.247249507341452,
            4.402641747428626,
            1.825268857551407,
            -5.23251408358084,
            4.111771845980321,
            1.292879808994772,
            -2.0341369742861644,
            -5.607903106588721,
            1.0641056920061334,
            5.87677867379828,
            0.45910986025925166,
            2.6951865373889836,
            -2.842037418200183,
            7.082283266069193,
            -0.1300007737228664,
            1.8312551190862734,
            -0.12688714820544564,
            -1.1743490169539401,
            -0.8372067666274757,
            -0.39283683350185716,
            -1.5869542490494526,
            -0.33956715629415724,
            -2.9284626263058424,
            -0.9981902224602681,
            -1.272970087932243,
            -3.795766249831366,
            0.49431586240503245,
            -1.6519764653517348,
            0.23954737921181815,
            5.494443927557193,
            5.940256526950856,
            8.316395622774518,
            7.32302839060137,
            -1.5714100825326913,
            -1.1636957229310068,
            -1.5615136499168805,
            -0.9792745213327659,
            -1.2978314497241716,
            -3.9696708231948867,
            -0.8914510942659015,
            -0.6073459833806676,
            -1.9279192463109014,
            -1.9859760542453875,
            -1.1611656205489296,
            -1.1892171431486807
        ],
        "rescaledInterceptCoef": -4.277240559862324
    },
    "probaAware": true
}