{
  "state": "DONE",
  "preSearchDescription": {
    "gridLength": 5,
    "searchStrategy": "GRID",
    "importantParams": [
      {
        "name": "penalty",
        "vals": [
          "l2"
        ]
      },
      {
        "name": "C",
        "vals": [
          "0.01",
          "0.1",
          "1.0",
          "10.0",
          "100.0"
        ]
      }
    ]
  },
  "postSearchDescription": {
    "importantParams": [
      {
        "name": "C",
        "val": "100.0"
      },
      {
        "name": "penalty",
        "val": "l2"
      }
    ]
  },
  "resumed": false,
  "timeOrderingEnabled": false,
  "sampleWeightsEnabled": false,
  "modelId": "m1",
  "progress": {
    "top_level_todo": [],
    "stack": [],
    "top_level_done": [
      {
        "name": "Loading train set",
        "time": 131
      },
      {
        "name": "Loading test set",
        "time": 23
      },
      {
        "name": "Collecting statistics",
        "time": 34
      },
      {
        "name": "Preprocessing train set",
        "time": 158
      },
      {
        "name": "Preprocessing test set",
        "time": 30
      },
      {
        "name": "Hyperparameter searching",
        "time": 9011
      },
      {
        "name": "Fitting model",
        "time": 135
      },
      {
        "name": "Saving model",
        "time": 26
      },
      {
        "name": "Scoring model",
        "time": 4616
      },
      {
        "name": "Preparing explainability",
        "time": 4225
      }
    ]
  },
  "startTime": 1706743018154,
  "endTime": 1706743036662,
  "preprocessingTime": 489,
  "trainingTime": 18019,
  "hyperparamsSearchTime": 9011,
  "pythonVersion": "3.6.8"
}