{
  "name": "customer_classifier",
  "endpoints": [
    {
      "modelRef": "SAwE8iF9",
      "useJava": true,
      "computePropensity": false,
      "outputExplanations": false,
      "individualExplanationParams": {
        "method": "ICE",
        "nbExplanations": 3,
        "drawInScoredSet": false,
        "subChunkSize": 5000,
        "shapleyBackgroundSize": 100
      },
      "mlFlowOutputStyle": "PARSED",
      "testQueries": [
        {
          "name": "raw_logs_test #1",
          "q": {
            "features": {
              "server_ts": "2014-03-28T17:31:14.043Z",
              "client_addr": "163.5.254.20",
              "visitor_id": "18280f41c4ad2fd",
              "session_id": "995d8b81ac4bb29",
              "location": "http://www.dataiku.com/products/",
              "referer": "dataiku",
              "user_agent": "Mozilla/5.0 (Macintosh; Intel Mac OS X 10.9; rv:27.0) Gecko/20100101 Firefox/27.0",
              "type": "page",
              "br_width": 1276,
              "br_height": 691,
              "sc_width": 1280,
              "sc_height": 800,
              "br_lang": "fr",
              "tz_off": -60,
              "customer": 0
            }
          }
        }
      ],
      "enrichMapping": [],
      "healthCheckQueries": [],
      "returnPostEnrichData": false,
      "auditPostEnrichData": false,
      "id": "customer_classifier",
      "type": "STD_PREDICTION"
    }
  ],
  "authMethod": "PUBLIC",
  "authRealm": {
    "queryKeys": []
  },
  "oauth2Config": {
    "keysFormat": "JWKS_URI",
    "jwkUriConnectTimeout": 500,
    "jwkUriReadTimeout": 500,
    "jwkUriSizeLimit": 51200,
    "scopeClaimFormat": "STRING",
    "scopeClaimKey": "scope"
  },
  "deploymentMonitoring": [],
  "creationTag": {
    "versionNumber": 0,
    "lastModifiedBy": {
      "login": "amrabdelraheem9@gmail.com"
    },
    "lastModifiedOn": 1705826277864,
    "extendedProperties": {}
  },
  "tags": [],
  "customFields": {},
  "checklists": {
    "checklists": []
  }
}