{
  "name": "v3",
  "endpoints": [
    {
      "modelRef": "kPw4U6re",
      "useJava": true,
      "computePropensity": false,
      "outputExplanations": false,
      "individualExplanationParams": {
        "method": "ICE",
        "nbExplanations": 3,
        "drawInScoredSet": false,
        "subChunkSize": 5000,
        "shapleyBackgroundSize": 100
      },
      "mlFlowOutputStyle": "PARSED",
      "testQueries": [],
      "enrichMapping": [],
      "healthCheckQueries": [],
      "returnPostEnrichData": false,
      "auditPostEnrichData": false,
      "id": "v3",
      "type": "STD_PREDICTION"
    }
  ],
  "authMethod": "PUBLIC",
  "authRealm": {
    "queryKeys": []
  },
  "oauth2Config": {
    "keysFormat": "JWKS_URI",
    "jwkUriConnectTimeout": 500,
    "jwkUriReadTimeout": 500,
    "jwkUriSizeLimit": 51200,
    "scopeClaimFormat": "STRING",
    "scopeClaimKey": "scope"
  },
  "deploymentMonitoring": [],
  "creationTag": {
    "versionNumber": 0,
    "lastModifiedBy": {
      "login": "amrabdelraheem9@gmail.com"
    },
    "lastModifiedOn": 1706743760743,
    "extendedProperties": {}
  },
  "tags": [],
  "customFields": {},
  "checklists": {
    "checklists": []
  }
}