{
  "name": "v4",
  "endpoints": [
    {
      "modelRef": "kPw4U6re",
      "useJava": true,
      "computePropensity": false,
      "outputExplanations": false,
      "individualExplanationParams": {
        "method": "ICE",
        "nbExplanations": 3,
        "drawInScoredSet": false,
        "subChunkSize": 5000,
        "shapleyBackgroundSize": 100
      },
      "mlFlowOutputStyle": "PARSED",
      "testQueries": [
        {
          "name": "row_logs_train #1",
          "q": {
            "features": {
              "server_ts": "2014-03-01-03",
              "referer": "other",
              "user_agent": "macintosh",
              "br_width": 1920,
              "br_height": 986,
              "sc_width": 1920,
              "sc_height": 1080,
              "br_lang": "en",
              "tz_off": 300,
              "customer": 0
            }
          }
        }
      ],
      "enrichMapping": [],
      "healthCheckQueries": [],
      "returnPostEnrichData": false,
      "auditPostEnrichData": false,
      "id": "customer_classifier_v4",
      "type": "STD_PREDICTION"
    }
  ],
  "authMethod": "PUBLIC",
  "authRealm": {
    "queryKeys": []
  },
  "oauth2Config": {
    "keysFormat": "JWKS_URI",
    "jwkUriConnectTimeout": 500,
    "jwkUriReadTimeout": 500,
    "jwkUriSizeLimit": 51200,
    "scopeClaimFormat": "STRING",
    "scopeClaimKey": "scope"
  },
  "deploymentMonitoring": [],
  "creationTag": {
    "versionNumber": 0,
    "lastModifiedBy": {
      "login": "amrabdelraheem9@gmail.com"
    },
    "lastModifiedOn": 1706743987717,
    "extendedProperties": {}
  },
  "tags": [],
  "customFields": {},
  "checklists": {
    "checklists": []
  }
}