{
    "per_feature": {
        "server_ts": {
            "stats": {
                "mostFrequentValue": "2014-03-28-14",
                "leastFrequentValue": "2014-03-22-20"
            },
            "category_possible_values": [
                "2014-03-28-14",
                "2014-03-28-15",
                "2014-03-31-08",
                "2014-03-31-14",
                "2014-03-31-09",
                "2014-03-31-11",
                "2014-03-17-16",
                "2014-03-23-20",
                "2014-03-26-09",
                "2014-03-03-15",
                "2014-03-26-16",
                "2014-03-25-13",
                "2014-03-31-07",
                "2014-03-29-13",
                "2014-03-24-16",
                "2014-03-21-10",
                "2014-03-28-19",
                "2014-03-04-13",
                "2014-03-21-17",
                "2014-03-14-11",
                "2014-03-31-06",
                "2014-03-18-12",
                "2014-03-28-20",
                "2014-03-05-12",
                "2014-03-04-09",
                "2014-03-26-13",
                "2014-03-28-13",
                "2014-03-03-08",
                "2014-03-31-20",
                "2014-03-11-12",
                "2014-03-12-17",
                "2014-03-03-14",
                "2014-03-18-09",
                "2014-03-28-12",
                "2014-03-07-17",
                "2014-03-27-12",
                "2014-03-22-08",
                "2014-03-31-12",
                "2014-03-05-04",
                "2014-03-12-16",
                "2014-03-31-13",
                "2014-03-28-17",
                "2014-03-04-17",
                "2014-03-31-15",
                "2014-03-13-17",
                "2014-03-24-12",
                "2014-03-07-08",
                "2014-03-30-21",
                "2014-03-07-07",
                "2014-03-04-10",
                "2014-03-21-21",
                "2014-03-18-19",
                "2014-03-28-16",
                "2014-03-06-16",
                "2014-03-10-20",
                "2014-03-25-16",
                "2014-03-07-09",
                "2014-03-17-17",
                "2014-03-12-21",
                "2014-03-03-11",
                "2014-03-06-09",
                "2014-03-08-16",
                "2014-03-28-09",
                "2014-03-21-14",
                "2014-03-29-12",
                "2014-03-31-18",
                "2014-03-16-18",
                "2014-03-03-10",
                "2014-03-26-14",
                "2014-03-05-11",
                "2014-03-12-12",
                "2014-03-05-15",
                "2014-03-26-15",
                "2014-03-14-21",
                "2014-03-20-20",
                "2014-03-04-12",
                "2014-03-25-10",
                "2014-03-17-13",
                "2014-03-12-14",
                "2014-03-13-12",
                "2014-03-28-18",
                "2014-03-04-11",
                "2014-03-25-12",
                "2014-03-30-12",
                "2014-03-31-17",
                "2014-03-25-15",
                "2014-03-21-08",
                "2014-03-27-15",
                "2014-03-27-09",
                "2014-03-28-23",
                "2014-03-06-18",
                "2014-03-17-15",
                "2014-03-17-11",
                "2014-03-03-09",
                "2014-03-29-01",
                "2014-03-27-13",
                "2014-03-24-20",
                "2014-03-09-13",
                "2014-03-14-07",
                "2014-03-29-23",
                "2014-03-13-08"
            ],
            "category_possible_counts": [
                299,
                280,
                133,
                123,
                105,
                100,
                71,
                70,
                70,
                70,
                69,
                67,
                66,
                64,
                63,
                62,
                58,
                58,
                58,
                56,
                56,
                55,
                54,
                53,
                53,
                50,
                50,
                50,
                49,
                48,
                48,
                47,
                47,
                46,
                46,
                46,
                46,
                45,
                45,
                45,
                45,
                44,
                43,
                43,
                42,
                42,
                42,
                42,
                42,
                42,
                41,
                41,
                41,
                41,
                40,
                39,
                38,
                37,
                37,
                36,
                35,
                33,
                33,
                33,
                33,
                33,
                32,
                32,
                32,
                32,
                32,
                31,
                31,
                31,
                31,
                30,
                30,
                30,
                29,
                29,
                29,
                29,
                28,
                28,
                28,
                27,
                27,
                27,
                27,
                27,
                27,
                27,
                27,
                26,
                26,
                26,
                26,
                26,
                26,
                26,
                26
            ]
        },
        "tz_off": {
            "stats": {
                "min": -780.0,
                "average": -43.23006908652265,
                "median": -60.0,
                "max": 720.0,
                "p99": 480.0,
                "std": 181.6066048003477
            },
            "missing_impute_with_value": -43.23006908652265
        },
        "referer": {
            "stats": {
                "mostFrequentValue": "dataiku",
                "leastFrequentValue": "practicalquant"
            },
            "category_possible_values": [
                "dataiku",
                "google",
                "other",
                "journaldunet",
                "kdnuggets",
                "strata",
                "linkedin",
                "kaggle",
                "bananadata",
                "datatau",
                "bing",
                "agoranov",
                "datajob2013",
                "practicalquant"
            ],
            "category_possible_counts": [
                6310,
                1129,
                1074,
                211,
                75,
                75,
                62,
                57,
                52,
                40,
                10,
                9,
                8,
                7
            ]
        },
        "br_width": {
            "stats": {
                "min": 0.0,
                "average": 1423.0107467924115,
                "median": 1366.0,
                "max": 2560.0,
                "p99": 1920.0,
                "std": 341.6248259559902
            },
            "missing_impute_with_value": 1423.0107467924115
        },
        "br_lang": {
            "stats": {
                "mostFrequentValue": "fr",
                "leastFrequentValue": "da"
            },
            "category_possible_values": [
                "fr",
                "en",
                "ru",
                "de",
                "pt",
                "es",
                "zh",
                "ja",
                "other",
                "pl",
                "ca",
                "tr",
                "nl",
                "da"
            ],
            "category_possible_counts": [
                5048,
                3560,
                108,
                95,
                66,
                58,
                54,
                39,
                33,
                17,
                12,
                11,
                10,
                8
            ]
        },
        "br_height": {
            "stats": {
                "min": 0.0,
                "average": 788.0913477354973,
                "median": 771.0,
                "max": 3225.0,
                "p99": 1291.0,
                "std": 175.8601656492408
            },
            "missing_impute_with_value": 788.0913477354973
        },
        "sc_height": {
            "stats": {
                "min": 0.0,
                "average": 941.0357495339401,
                "median": 900.0,
                "max": 2160.0,
                "p99": 1440.0,
                "std": 173.02463361322296
            },
            "missing_impute_with_value": 941.0357495339401
        },
        "sc_width": {
            "stats": {
                "min": 0.0,
                "average": 1516.4906239719267,
                "median": 1440.0,
                "max": 3840.0,
                "p99": 2560.0,
                "std": 383.7531321492172
            },
            "missing_impute_with_value": 1516.4906239719267
        },
        "user_agent": {
            "stats": {
                "mostFrequentValue": "windows",
                "leastFrequentValue": "other"
            },
            "category_possible_values": [
                "windows",
                "macintosh",
                "linux",
                "other"
            ],
            "category_possible_counts": [
                4966,
                2683,
                980,
                490
            ]
        },
        "customer": {
            "stats": {}
        }
    },
    "feature_order": [
        "server_ts",
        "tz_off",
        "referer",
        "br_width",
        "br_lang",
        "br_height",
        "sc_height",
        "sc_width",
        "user_agent",
        "customer"
    ]
}