{
    "details": {
        "server_ts": {
            "levels": [
                "2014-03-28-14",
                "2014-03-28-15",
                "2014-03-31-08",
                "2014-03-31-14",
                "2014-03-31-09",
                "2014-03-31-11",
                "2014-03-17-16",
                "2014-03-23-20",
                "2014-03-26-09",
                "2014-03-03-15",
                "2014-03-26-16",
                "2014-03-25-13",
                "2014-03-31-07",
                "2014-03-29-13",
                "2014-03-24-16",
                "2014-03-21-10",
                "2014-03-28-19",
                "2014-03-04-13",
                "2014-03-21-17",
                "2014-03-14-11",
                "2014-03-31-06",
                "2014-03-18-12",
                "2014-03-28-20",
                "2014-03-05-12",
                "2014-03-04-09",
                "2014-03-26-13",
                "2014-03-28-13",
                "2014-03-03-08",
                "2014-03-31-20",
                "2014-03-11-12",
                "2014-03-12-17",
                "2014-03-03-14",
                "2014-03-18-09",
                "2014-03-28-12",
                "2014-03-07-17",
                "2014-03-27-12",
                "2014-03-22-08",
                "2014-03-31-12",
                "2014-03-05-04",
                "2014-03-12-16",
                "2014-03-31-13",
                "2014-03-28-17",
                "2014-03-04-17",
                "2014-03-31-15",
                "2014-03-13-17",
                "2014-03-24-12",
                "2014-03-07-08",
                "2014-03-30-21",
                "2014-03-07-07",
                "2014-03-04-10",
                "2014-03-21-21",
                "2014-03-18-19",
                "2014-03-28-16",
                "2014-03-06-16",
                "2014-03-10-20",
                "2014-03-25-16",
                "2014-03-07-09",
                "2014-03-17-17",
                "2014-03-12-21",
                "2014-03-03-11",
                "2014-03-06-09",
                "2014-03-08-16",
                "2014-03-28-09",
                "2014-03-21-14",
                "2014-03-29-12",
                "2014-03-31-18",
                "2014-03-16-18",
                "2014-03-03-10",
                "2014-03-26-14",
                "2014-03-05-11",
                "2014-03-12-12",
                "2014-03-05-15",
                "2014-03-26-15",
                "2014-03-14-21",
                "2014-03-20-20",
                "2014-03-04-12",
                "2014-03-25-10",
                "2014-03-17-13",
                "2014-03-12-14",
                "2014-03-13-12",
                "2014-03-28-18",
                "2014-03-04-11",
                "2014-03-25-12",
                "2014-03-30-12",
                "2014-03-31-17",
                "2014-03-25-15",
                "2014-03-21-08",
                "2014-03-27-15",
                "2014-03-27-09",
                "2014-03-28-23",
                "2014-03-06-18",
                "2014-03-17-15",
                "2014-03-17-11",
                "2014-03-03-09",
                "2014-03-29-01",
                "2014-03-27-13",
                "2014-03-24-20",
                "2014-03-09-13",
                "2014-03-14-07",
                "2014-03-29-23",
                "2014-03-13-08"
            ],
            "with_others": true
        },
        "referer": {
            "levels": [
                "dataiku",
                "google",
                "other",
                "journaldunet",
                "kdnuggets",
                "strata",
                "linkedin",
                "kaggle",
                "bananadata",
                "datatau",
                "bing",
                "agoranov",
                "datajob2013",
                "practicalquant"
            ],
            "with_others": true
        },
        "br_lang": {
            "levels": [
                "fr",
                "en",
                "ru",
                "de",
                "pt",
                "es",
                "zh",
                "ja",
                "other",
                "pl",
                "ca",
                "tr",
                "nl",
                "da"
            ],
            "with_others": true
        },
        "user_agent": {
            "levels": [
                "windows",
                "macintosh",
                "linux",
                "other"
            ],
            "with_others": true
        }
    }
}