[
    {
        "test_score_gib": 0.8254369789265593,
        "train_score": 0.8371714290723022,
        "test_score": 0.8254369789265593,
        "num_samples": 1825,
        "fit_time": 3600,
        "score_time": 1304,
        "time": 4904,
        "parameters": {
            "max_depth": 6,
            "max_features": "auto",
            "min_samples_leaf": 1,
            "n_estimators": 100,
            "min_samples_split": 3
        },
        "done_at": 1706964297584,
        "split_id": 0
    },
    {
        "test_score_gib": 0.8254981859286403,
        "train_score": 0.832630724090316,
        "test_score": 0.8254981859286403,
        "num_samples": 1825,
        "fit_time": 3603,
        "score_time": 430,
        "time": 4033,
        "parameters": {
            "max_depth": 6,
            "max_features": "auto",
            "min_samples_leaf": 1,
            "n_estimators": 100,
            "min_samples_split": 3
        },
        "done_at": 1706964296717,
        "split_id": 1
    },
    {
        "test_score_gib": 0.8165435695805301,
        "train_score": 0.8339711756758299,
        "test_score": 0.8165435695805301,
        "num_samples": 1823,
        "fit_time": 3600,
        "score_time": 897,
        "time": 4497,
        "parameters": {
            "max_depth": 6,
            "max_features": "auto",
            "min_samples_leaf": 1,
            "n_estimators": 100,
            "min_samples_split": 3
        },
        "done_at": 1706964297184,
        "split_id": 2
    },
    {
        "test_score_gib": 0.8184402829013839,
        "train_score": 0.829495386902094,
        "test_score": 0.8184402829013839,
        "num_samples": 1823,
        "fit_time": 3597,
        "score_time": 566,
        "time": 4163,
        "parameters": {
            "max_depth": 6,
            "max_features": "auto",
            "min_samples_leaf": 1,
            "n_estimators": 100,
            "min_samples_split": 3
        },
        "done_at": 1706964296850,
        "split_id": 3
    },
    {
        "test_score_gib": 0.8234829556876597,
        "train_score": 0.8329835685380366,
        "test_score": 0.8234829556876597,
        "num_samples": 1823,
        "fit_time": 3463,
        "score_time": 1809,
        "time": 5272,
        "parameters": {
            "max_depth": 6,
            "max_features": "auto",
            "min_samples_leaf": 1,
            "n_estimators": 100,
            "min_samples_split": 3
        },
        "done_at": 1706964301993,
        "split_id": 4
    },
    {
        "test_score_gib": 0.9378299643436655,
        "train_score": 0.9597093919458004,
        "test_score": 0.9378299643436655,
        "num_samples": 1825,
        "fit_time": 4337,
        "score_time": 1824,
        "time": 6161,
        "parameters": {
            "max_depth": 13,
            "max_features": "auto",
            "min_samples_leaf": 1,
            "n_estimators": 100,
            "min_samples_split": 3
        },
        "done_at": 1706964303014,
        "split_id": 0
    },
    {
        "test_score_gib": 0.9397286836848178,
        "train_score": 0.954820317694835,
        "test_score": 0.9397286836848178,
        "num_samples": 1825,
        "fit_time": 4398,
        "score_time": 1711,
        "time": 6109,
        "parameters": {
            "max_depth": 13,
            "max_features": "auto",
            "min_samples_leaf": 1,
            "n_estimators": 100,
            "min_samples_split": 3
        },
        "done_at": 1706964303303,
        "split_id": 1
    },
    {
        "test_score_gib": 0.9283367403682732,
        "train_score": 0.9498694544630765,
        "test_score": 0.9283367403682732,
        "num_samples": 1823,
        "fit_time": 4305,
        "score_time": 1412,
        "time": 5717,
        "parameters": {
            "max_depth": 13,
            "max_features": "auto",
            "min_samples_leaf": 1,
            "n_estimators": 100,
            "min_samples_split": 3
        },
        "done_at": 1706964303306,
        "split_id": 2
    },
    {
        "test_score_gib": 0.9343258117489185,
        "train_score": 0.9533047904181857,
        "test_score": 0.9343258117489185,
        "num_samples": 1823,
        "fit_time": 1996,
        "score_time": 807,
        "time": 2803,
        "parameters": {
            "max_depth": 13,
            "max_features": "auto",
            "min_samples_leaf": 1,
            "n_estimators": 100,
            "min_samples_split": 3
        },
        "done_at": 1706964304799,
        "split_id": 3
    },
    {
        "test_score_gib": 0.9317542183269761,
        "train_score": 0.9556568102884877,
        "test_score": 0.9317542183269761,
        "num_samples": 1823,
        "fit_time": 1771,
        "score_time": 123,
        "time": 1894,
        "parameters": {
            "max_depth": 13,
            "max_features": "auto",
            "min_samples_leaf": 1,
            "n_estimators": 100,
            "min_samples_split": 3
        },
        "done_at": 1706964304911,
        "split_id": 4
    }
]