{
    "startedAt": 1706964292650,
    "gridSize": 2,
    "nThreads": 4,
    "nSplits": 5,
    "metric": "ROC_AUC",
    "timeout": null,
    "gridPoints": [
        {
            "finishedAt": 1706964301993,
            "score": 0.82188196810548,
            "testScoreGibMean": 0.82188196810548,
            "testScoreMean": 0.82188196810548,
            "testScoreStd": 0.003704594153791242,
            "trainScoreMean": 0.8332511808911255,
            "trainScoreStd": 0.0024679233631307016,
            "time": 22869,
            "fitTimeMean": 3572.6,
            "fitTimeStd": 54.832836877185194,
            "scoreTimeMean": 1001.2,
            "scoreTimeStd": 504.13387110964885,
            "parameters": {
                "max_depth": 6,
                "max_features": "auto",
                "min_samples_leaf": 1,
                "n_estimators": 100,
                "min_samples_split": 3
            }
        },
        {
            "finishedAt": 1706964304911,
            "score": 0.9343970068178198,
            "testScoreGibMean": 0.9343970068178198,
            "testScoreMean": 0.9343970068178198,
            "testScoreStd": 0.004097206048855118,
            "trainScoreMean": 0.954673290236716,
            "trainScoreStd": 0.0032033174225288385,
            "time": 22684,
            "fitTimeMean": 3361.4,
            "fitTimeStd": 1209.1654311962445,
            "scoreTimeMean": 1175.4,
            "scoreTimeStd": 633.5287207380578,
            "parameters": {
                "max_depth": 13,
                "max_features": "auto",
                "min_samples_leaf": 1,
                "n_estimators": 100,
                "min_samples_split": 3
            }
        }
    ]
}