{
  "state": "DONE",
  "postSearchDescription": {
    "importantParams": [
      {
        "name": "trees",
        "val": "100"
      },
      {
        "name": "depth",
        "val": "13"
      },
      {
        "name": "min_samples",
        "val": "1"
      }
    ]
  },
  "resumed": false,
  "timeOrderingEnabled": false,
  "sampleWeightsEnabled": false,
  "progress": {
    "top_level_todo": [],
    "stack": [],
    "top_level_done": [
      {
        "name": "Loading train set",
        "time": 95
      },
      {
        "name": "Loading test set",
        "time": 19
      },
      {
        "name": "Collecting preprocessing data",
        "time": 98
      },
      {
        "name": "Preprocessing train set",
        "time": 111
      },
      {
        "name": "Preprocessing test set",
        "time": 29
      },
      {
        "name": "Hyperparameter searching",
        "time": 12532
      },
      {
        "name": "Fitting model",
        "time": 1274
      },
      {
        "name": "Saving model",
        "time": 165
      },
      {
        "name": "Scoring model",
        "time": 1001
      },
      {
        "name": "Preparing explainability",
        "time": 6383
      }
    ]
  },
  "startTime": 1706964292141,
  "endTime": 1706964313951,
  "preprocessingTime": 0,
  "trainingTime": 21810,
  "hyperparamsSearchTime": 12532,
  "pythonVersion": "3.6.8"
}