{
  "starred": false,
  "clusterMetas": {},
  "customMeta": {
    "kv": {}
  },
  "tags": [],
  "activeClassifierThreshold": 0.575,
  "name": "Random forest (s2) - v2",
  "labels": [
    {
      "key": "trainDataset:dataset-name",
      "value": "row_logs_train"
    },
    {
      "key": "model:name",
      "value": "Random forest (s2) - v2"
    },
    {
      "key": "testDataset:dataset-name",
      "value": "row_logs_train"
    },
    {
      "key": "model:algorithm",
      "value": "RANDOM_FOREST_CLASSIFICATION"
    },
    {
      "key": "model:date",
      "value": "2024-02-03T12:45:13.951+0000"
    },
    {
      "key": "evaluationDataset:dataset-name",
      "value": "row_logs_train"
    },
    {
      "key": "evaluation:date",
      "value": "2024-02-03T12:45:13.951+0000"
    }
  ]
}