{
    "state": "RUNNING",
    "startTime": 1706963511146,
    "progress": {
        "stack": [
            {
                "name": "Collecting preprocessing data",
                "target": null,
                "startTimestamp": 1706963511344
            }
        ],
        "top_level_todo": [],
        "top_level_done": [
            {
                "name": "Loading train set",
                "time": 88
            },
            {
                "name": "Loading test set",
                "time": 16
            }
        ]
    }
}