{
  "params": {
    "ttPolicy": "SPLIT_SINGLE_DATASET",
    "ssdSplitMode": "RANDOM",
    "splitBeforePrepare": true,
    "ssdSelection": {
      "useMemTable": false,
      "filter": {
        "distinct": false,
        "enabled": false
      },
      "partitionSelectionMethod": "ALL",
      "latestPartitionsN": 1,
      "ordering": {
        "enabled": false,
        "rules": []
      },
      "samplingMethod": "HEAD_SEQUENTIAL",
      "maxRecords": 100000,
      "targetRatio": 0.02,
      "ascending": true,
      "withinFirstN": -1,
      "maxReadUncompressedBytes": -1,
      "seed": 1337
    },
    "ssdTrainingRatio": 0.8,
    "ssdStratified": false,
    "ssdGrouped": false,
    "ssdSeed": 1337,
    "testOnLargerValues": true,
    "streamAll": false,
    "kfold": false,
    "nFolds": 5,
    "instanceIdRefresher": 0,
    "subSamplingSeed": 1337
  },
  "generationDate": 1706963841124,
  "policyId": "type\u003dSPLIT_SINGLE_DATASET,split\u003dRANDOM,splitBeforePrepare\u003dtrue,ds\u003drow_logs_train,sel\u003d(method\u003dhead-s,records\u003d100000),r\u003d0.8,s\u003d1337",
  "instanceId": "fe314b4c3b259902c64b471eac7a8056-0",
  "format": "csv1",
  "schema": {
    "columns": [
      {"name":"server_ts","type":"string"},
      {"name":"referer","type":"string"},
      {"name":"user_agent","type":"string"},
      {"name":"br_lang","type":"string"},
      {"name":"tz_off","type":"bigint"},
      {"name":"customer","type":"double"}
    ],
    "userModified": false
  },
  "trainPath": "train-fe314b4c3b259902c64b471eac7a8056-0.csv.gz",
  "testPath": "test-fe314b4c3b259902c64b471eac7a8056-0.csv.gz",
  "trainRows": 9119,
  "testRows": 2297,
  "fullRows": 0
}